id,created_at,kind,title,price,currency,description,featured,photos,amenidades,prop_type,operation,location,beds,baths,parking,area,brand,year,km,transmission,fuel,color,provincia,canton,distrito,lat,lng,sector,business_type,income_approx,sale_reason,includes,engine,operation_type,sale_price,rent_price,debt_amount,down_payment,option_purchase_price,finance_notes,available_operations
8e85bb23-7df0-4f61-a2ff-b5932c843073,2026-05-16 07:38:02.852+00,property,Vendo apartamento tipo estudio en cotizada torre,125000,$,"Vendo cómodo apartamento en Sabana Sur totalmente amoblado 

Apartamento tipo estudio de 34 m2

En torre, piso 18.

Incluye aire acondicionado. 

Excelente propiedad para tener como inversión.

Se alquila en $1000 mensuales aproximadamente (En Airbnb genera mayores ingresos)

Amenidades unicas, espectaculares. 

Precio $125.000 💰 (Sin estacionamiento)",true,"[""https://mlrglzzxrfvbkucrtffd.supabase.co/storage/v1/object/public/listing-photos/listing-1778916930066-lkhin9oadpc.jpg"",""https://mlrglzzxrfvbkucrtffd.supabase.co/storage/v1/object/public/listing-photos/listing-1778916936088-8c1s0x72mp.jpg"",""https://mlrglzzxrfvbkucrtffd.supabase.co/storage/v1/object/public/listing-photos/listing-1778916943204-2h0g4h79l57.jpg"",""https://mlrglzzxrfvbkucrtffd.supabase.co/storage/v1/object/public/listing-photos/listing-1778916952649-esm9szx1275.jpg"",""https://mlrglzzxrfvbkucrtffd.supabase.co/storage/v1/object/public/listing-photos/listing-1778916960628-zq2tlseraf.jpg"",""https://mlrglzzxrfvbkucrtffd.supabase.co/storage/v1/object/public/listing-photos/listing-1778916968940-hx8cknglp9b.jpg"",""https://mlrglzzxrfvbkucrtffd.supabase.co/storage/v1/object/public/listing-photos/listing-1778916975729-c87vpqygfdo.jpg"",""https://mlrglzzxrfvbkucrtffd.supabase.co/storage/v1/object/public/listing-photos/listing-1778916983042-8bcm945ixk.jpg"",""https://mlrglzzxrfvbkucrtffd.supabase.co/storage/v1/object/public/listing-photos/listing-1778916992339-kbih589pcxe.jpg"",""https://mlrglzzxrfvbkucrtffd.supabase.co/storage/v1/object/public/listing-photos/listing-1778917003505-u8fwb1y0li.jpg"",""https://mlrglzzxrfvbkucrtffd.supabase.co/storage/v1/object/public/listing-photos/listing-1778917017714-x1c72ygpo1f.jpg"",""https://mlrglzzxrfvbkucrtffd.supabase.co/storage/v1/object/public/listing-photos/listing-1778917018703-3erzv46z9q.jpg"",""https://mlrglzzxrfvbkucrtffd.supabase.co/storage/v1/object/public/listing-photos/listing-1778917019634-iazo3k6wbo.jpg"",""https://mlrglzzxrfvbkucrtffd.supabase.co/storage/v1/object/public/listing-photos/listing-1778917020701-a0pm33cpp6.jpg"",""https://mlrglzzxrfvbkucrtffd.supabase.co/storage/v1/object/public/listing-photos/listing-1778917021780-1o0m28b3u3fh.jpg"",""https://mlrglzzxrfvbkucrtffd.supabase.co/storage/v1/object/public/listing-photos/listing-1778917024105-z5swhrh0egg.jpg"",""https://mlrglzzxrfvbkucrtffd.supabase.co/storage/v1/object/public/listing-photos/listing-1778917026082-0lfd3p7iol9k.jpg"",""https://mlrglzzxrfvbkucrtffd.supabase.co/storage/v1/object/public/listing-photos/listing-1778917027883-i1u6za8lxh.jpg"",""https://mlrglzzxrfvbkucrtffd.supabase.co/storage/v1/object/public/listing-photos/listing-1778917029121-s7uk12kfxt.jpg"",""https://mlrglzzxrfvbkucrtffd.supabase.co/storage/v1/object/public/listing-photos/listing-1778917030870-ci6cp5j0ig4.jpg"",""https://mlrglzzxrfvbkucrtffd.supabase.co/storage/v1/object/public/listing-photos/listing-1778917032752-jwimy9gtkn.jpg"",""https://mlrglzzxrfvbkucrtffd.supabase.co/storage/v1/object/public/listing-photos/listing-1778917034120-5whsm2zba65.jpg"",""https://mlrglzzxrfvbkucrtffd.supabase.co/storage/v1/object/public/listing-photos/listing-1778917048111-tninh4vn89.jpg"",""https://mlrglzzxrfvbkucrtffd.supabase.co/storage/v1/object/public/listing-photos/listing-1778917064336-cyonxj9tcg.jpg""]","[""Piscina"",""Gimnasio"",""Cowork"",""Pet Friendly"",""Cine"",""Áreas de lectura"",""Lavandería""]",Apartamento,Venta,"Mata Redonda, San José, San José",1,1,null,34,null,null,null,null,null,null,San José,San José,Mata Redonda,9.9281,-84.0907,null,null,null,null,null,null,null,null,null,null,null,null,null,null
2c4ea742-7067-4a71-af59-e78b846c88ef,2026-05-19 23:43:00.962+00,property,Hermosa casa en Rohrmoser,275000,$,"Vendo casa en Rohrmoser

Excelente ubicación

Contiguo a Plaza Mayor

Terreno de 237 m2
Construcción 200 m2

Terreno plano

Ideal para construir apartamentos u oficinas

Casa de una planta

Sala
Comedor
Cocina amplia
3 habitaciones (Principal con baño completo)
Bodega
Cuarto de lavado
Patio trasero
Garage para 2 vehículos tipo tándem
Jardín delantero

Precio $275.000💰",true,"[""https://mlrglzzxrfvbkucrtffd.supabase.co/storage/v1/object/public/listing-photos/listing-1779234169216-poq8yxkuzra.jpeg"",""https://mlrglzzxrfvbkucrtffd.supabase.co/storage/v1/object/public/listing-photos/listing-1779234171092-5morod9lbe4.jpeg"",""https://mlrglzzxrfvbkucrtffd.supabase.co/storage/v1/object/public/listing-photos/listing-1779234171697-5vcp6xvirlo.jpeg"",""https://mlrglzzxrfvbkucrtffd.supabase.co/storage/v1/object/public/listing-photos/listing-1779234172306-22mkzl7xofp.jpeg"",""https://mlrglzzxrfvbkucrtffd.supabase.co/storage/v1/object/public/listing-photos/listing-1779234172976-nriqj1jreii.jpeg"",""https://mlrglzzxrfvbkucrtffd.supabase.co/storage/v1/object/public/listing-photos/listing-1779234173677-5hivcucisfu.jpeg"",""https://mlrglzzxrfvbkucrtffd.supabase.co/storage/v1/object/public/listing-photos/listing-1779234174413-lzbwfa0sa4c.jpeg"",""https://mlrglzzxrfvbkucrtffd.supabase.co/storage/v1/object/public/listing-photos/listing-1779234175338-cxijb4ivwd.jpeg"",""https://mlrglzzxrfvbkucrtffd.supabase.co/storage/v1/object/public/listing-photos/listing-1779234176036-bp6xoqxs0x.jpeg"",""https://mlrglzzxrfvbkucrtffd.supabase.co/storage/v1/object/public/listing-photos/listing-1779234176918-85n2idhvd1k.jpeg"",""https://mlrglzzxrfvbkucrtffd.supabase.co/storage/v1/object/public/listing-photos/listing-1779234177658-va284tbkymd.jpeg"",""https://mlrglzzxrfvbkucrtffd.supabase.co/storage/v1/object/public/listing-photos/listing-1779234178512-7i9nyp5yoox.jpeg"",""https://mlrglzzxrfvbkucrtffd.supabase.co/storage/v1/object/public/listing-photos/listing-1779234179190-zz21fbpgxw.jpeg"",""https://mlrglzzxrfvbkucrtffd.supabase.co/storage/v1/object/public/listing-photos/listing-1779234179949-9vldhzebrlt.jpeg""]","[""Excelente ubicación"",""Todos los servicios a la mano"",""Parque a los 50 metros""]",Casa,Venta,"Pavas, San José, San José",3,2,2,237,null,null,null,null,null,null,San José,San José,Pavas,9.9281,-84.0907,null,null,null,null,null,null,Venta,275000.00,null,null,null,null,null,"[""Venta""]"
04306d27-3e35-4c9c-9719-a4f04aad87fd,2026-05-16 17:26:19.763+00,property,Vendo local en reconocido centro comercial,325000,$,"Vendo rentable local comercial en reconocido centro comercial

En primer nivel

Local 50 m2
Mezanine 50 m2

Excelente ubicación dentro del centro comercial

Alquidado (Listo para inversionista) 

Precio de venta $325.000 💰 (Negociable)",true,"[""https://mlrglzzxrfvbkucrtffd.supabase.co/storage/v1/object/public/listing-photos/listing-1778952374058-2jn45tkia4k.jpg"",""https://mlrglzzxrfvbkucrtffd.supabase.co/storage/v1/object/public/listing-photos/listing-1778952375669-epfenl740yi.jpg"",""https://mlrglzzxrfvbkucrtffd.supabase.co/storage/v1/object/public/listing-photos/listing-1778952376934-bp4mz75vvn.jpg"",""https://mlrglzzxrfvbkucrtffd.supabase.co/storage/v1/object/public/listing-photos/listing-1778952378227-aa6rdxmbq1i.jpg"",""https://mlrglzzxrfvbkucrtffd.supabase.co/storage/v1/object/public/listing-photos/listing-1778952378987-hbtzkl3yn86.jpg""]","[""Seguridad 24/7"",""Ubicación estratégica""]",Local,Venta,"Guadalupe, Goicoechea, San José",null,null,null,100,null,null,null,null,null,null,San José,Goicoechea,Guadalupe,9.9617,-84.0647,null,null,null,null,null,null,null,null,null,null,null,null,null,null
8d20a0df-34b6-4cee-8e4c-d40c787fdfd2,2026-05-19 18:19:08.818+00,property,Apartamento de alquiler en San Pedro,300000,₡,"Alquilo apartamento de 2 habitaciones en San Pedro

Excelente ubicación

Muy seguros

En segunda planta

Se puede adaptar a una o dos habitaciones 

Sala
Comedor
Cocina
2 habitaciones con armarios
1 baño completo

Alquiler mensual ₡300.000 💰( Igual monto de depósito a pagar en un solo tracto)

Se incluye el recibo del agua
Se hace estudio crediticio y evidencia de ingresos 

* Sin estacionamiento
* El área de lavado está en una zona en común en el edificio.",true,"[""https://mlrglzzxrfvbkucrtffd.supabase.co/storage/v1/object/public/listing-photos/listing-1779214717104-npbav8i81ns.jpg"",""https://mlrglzzxrfvbkucrtffd.supabase.co/storage/v1/object/public/listing-photos/listing-1779214719913-ys7zqtzvo.jpg"",""https://mlrglzzxrfvbkucrtffd.supabase.co/storage/v1/object/public/listing-photos/listing-1779214722285-osr9957hgjs.jpg"",""https://mlrglzzxrfvbkucrtffd.supabase.co/storage/v1/object/public/listing-photos/listing-1779214724298-7naw49qsu8d.jpg"",""https://mlrglzzxrfvbkucrtffd.supabase.co/storage/v1/object/public/listing-photos/listing-1779214726410-51rjzey384r.jpg"",""https://mlrglzzxrfvbkucrtffd.supabase.co/storage/v1/object/public/listing-photos/listing-1779214728591-y1f8z5tqf2.jpg"",""https://mlrglzzxrfvbkucrtffd.supabase.co/storage/v1/object/public/listing-photos/listing-1779214730881-ins90rhh1z.jpg"",""https://mlrglzzxrfvbkucrtffd.supabase.co/storage/v1/object/public/listing-photos/listing-1779214733390-3mvalmzbwg9.jpg"",""https://mlrglzzxrfvbkucrtffd.supabase.co/storage/v1/object/public/listing-photos/listing-1779214735530-w6w59vorgt9.jpg"",""https://mlrglzzxrfvbkucrtffd.supabase.co/storage/v1/object/public/listing-photos/listing-1779214738059-fampbwgyl9f.jpg"",""https://mlrglzzxrfvbkucrtffd.supabase.co/storage/v1/object/public/listing-photos/listing-1779214740728-flsxmf1ecm.jpg"",""https://mlrglzzxrfvbkucrtffd.supabase.co/storage/v1/object/public/listing-photos/listing-1779214742935-soe3pvg2xfr.jpg"",""https://mlrglzzxrfvbkucrtffd.supabase.co/storage/v1/object/public/listing-photos/listing-1779214745566-y9bc8ois2em.jpg""]",[],Apartamento,Alquiler,"San Pedro, Montes de Oca, San José",2,1,null,60,null,null,null,null,null,null,San José,Montes de Oca,San Pedro,9.9386,-84.0467,null,null,null,null,null,null,Alquiler,null,300000.00,null,null,null,null,"[""Alquiler""]"
9c8e242a-d139-436b-90b7-32110fa3caec,2026-05-21 22:56:12.53+00,property,Casas estilo duplex ubicadas en Curridabat,495000,$,"Vendo hermosa propiedad en Curridabat

Dos casas duplex (Ideal como inversión) 

Excelente ubicación

Terreno 420 m2
Construcción 500 m2

Ambas casas son gemelas (Cada una de 250 m2) 

Dos niveles

Primer nivel

Garage para 2 vehículos
Pequeño jardín interno 
Medio baño para visitas
Sala y comedor amplios
Cocina equipada con muebles
Cuarto de servicio con baño completo
Área de lavado y tendido
Bodega
Patio trasero

Segundo nivel

Sala de estar o de tv
Tres habitaciones amplias con baño, principal con Walk-in-Closet.

Precio de venta $495.000 💰",true,"[""https://mlrglzzxrfvbkucrtffd.supabase.co/storage/v1/object/public/listing-photos/listing-1779404159150-dnxy4ifrgje.jpeg"",""https://mlrglzzxrfvbkucrtffd.supabase.co/storage/v1/object/public/listing-photos/listing-1779404160997-gfn1u8p3r9.jpeg"",""https://mlrglzzxrfvbkucrtffd.supabase.co/storage/v1/object/public/listing-photos/listing-1779404161559-a3t38z7j9eh.jpeg"",""https://mlrglzzxrfvbkucrtffd.supabase.co/storage/v1/object/public/listing-photos/listing-1779404162420-75ju8eh15.jpeg"",""https://mlrglzzxrfvbkucrtffd.supabase.co/storage/v1/object/public/listing-photos/listing-1779404162983-7zrvyu25vjd.jpeg"",""https://mlrglzzxrfvbkucrtffd.supabase.co/storage/v1/object/public/listing-photos/listing-1779404163629-phgjmko4o1.jpeg"",""https://mlrglzzxrfvbkucrtffd.supabase.co/storage/v1/object/public/listing-photos/listing-1779404164242-bkytyhovvcr.jpeg"",""https://mlrglzzxrfvbkucrtffd.supabase.co/storage/v1/object/public/listing-photos/listing-1779404164858-cr42jdk5y2b.jpeg"",""https://mlrglzzxrfvbkucrtffd.supabase.co/storage/v1/object/public/listing-photos/listing-1779404165481-7xgetvox4l.jpeg"",""https://mlrglzzxrfvbkucrtffd.supabase.co/storage/v1/object/public/listing-photos/listing-1779404165969-av1w8oykck.jpeg"",""https://mlrglzzxrfvbkucrtffd.supabase.co/storage/v1/object/public/listing-photos/listing-1779404166492-sxeejtt15fq.jpeg"",""https://mlrglzzxrfvbkucrtffd.supabase.co/storage/v1/object/public/listing-photos/listing-1779404167085-een0xoz7lep.jpeg"",""https://mlrglzzxrfvbkucrtffd.supabase.co/storage/v1/object/public/listing-photos/listing-1779404167676-b9a5117yq7h.jpeg"",""https://mlrglzzxrfvbkucrtffd.supabase.co/storage/v1/object/public/listing-photos/listing-1779404168557-sv9vm2dulw.jpeg"",""https://mlrglzzxrfvbkucrtffd.supabase.co/storage/v1/object/public/listing-photos/listing-1779404169129-ik4gl48x4x.jpeg"",""https://mlrglzzxrfvbkucrtffd.supabase.co/storage/v1/object/public/listing-photos/listing-1779404169765-chonkpvv974.jpeg"",""https://mlrglzzxrfvbkucrtffd.supabase.co/storage/v1/object/public/listing-photos/listing-1779404170547-oxpp7uo9p3.jpeg"",""https://mlrglzzxrfvbkucrtffd.supabase.co/storage/v1/object/public/listing-photos/listing-1779404171121-mlv1ra9erpk.jpeg"",""https://mlrglzzxrfvbkucrtffd.supabase.co/storage/v1/object/public/listing-photos/listing-1779404171885-ypdzvmb29e8.jpeg""]","[""Patio trasero"",""Bodega"",""Cuarto de servicio"",""Zona de alta plusvalía""]",Casa,Venta,"Curridabat, Curridabat, San José",3,3,2,420,null,null,null,null,null,null,San José,Curridabat,Curridabat,9.9233,-84.035,null,null,null,null,null,null,Venta,495000.00,null,null,null,null,null,"[""Venta""]"
e37f8488-df6a-4744-b936-2fc90da566b6,2026-05-19 02:55:49.858+00,property,Alquilo hermoso apartamento en Sabana Sur,1300,$,"Alquilo moderno apartamento en Secret Sabana

Ubicado en el piso 23

Espacio habitable 69 m2 (Más 1 estacionamiento bajo techo)

2 habitaciones
2 baños completos
Habitación principal con baño y Walk-in-Closet
Balcón con hermosas vistas
Sala
Comedor
Cocina con muebles de euromobilia y sobre de cuarzo

El apto incluye

Cortinas
Calentador de agua
Plantilla de cocina
Horno convencional empotrado

Servicios adicionales de la torre

Concierge 24/7.
Seguridad 24/7. 
Gimnasio de 3 niveles.
Espacio de coworking.
Jungle bar en el primer piso.
Piscina.
Pet park.
Pet shower.
Lavandería.
Cine.
Playground (solo para niños).
Rooftop con bar.
Distintas áreas sociales que se pueden reservar para actividades privadas.

Alquiler mensual $1.300 💰 (Igual monto de depósito en un solo tracto)",true,"[""https://mlrglzzxrfvbkucrtffd.supabase.co/storage/v1/object/public/listing-photos/listing-1779159946984-9izap5irw9g.jpg"",""https://mlrglzzxrfvbkucrtffd.supabase.co/storage/v1/object/public/listing-photos/listing-1779159948034-696i5w9ud1.jpg"",""https://mlrglzzxrfvbkucrtffd.supabase.co/storage/v1/object/public/listing-photos/listing-1779159948648-2l4bbz2pe9c.jpg"",""https://mlrglzzxrfvbkucrtffd.supabase.co/storage/v1/object/public/listing-photos/listing-1779159949263-rhz8awm0jf8.jpg"",""https://mlrglzzxrfvbkucrtffd.supabase.co/storage/v1/object/public/listing-photos/listing-1779159949981-tkyhcoj1ko.jpg"",""https://mlrglzzxrfvbkucrtffd.supabase.co/storage/v1/object/public/listing-photos/listing-1779159950491-p39c8x5gbb.jpg"",""https://mlrglzzxrfvbkucrtffd.supabase.co/storage/v1/object/public/listing-photos/listing-1779159951005-unm4snv4r1l.jpg"",""https://mlrglzzxrfvbkucrtffd.supabase.co/storage/v1/object/public/listing-photos/listing-1779159951618-4vzpvidfj9j.jpg"",""https://mlrglzzxrfvbkucrtffd.supabase.co/storage/v1/object/public/listing-photos/listing-1779159952030-phse9ofcr6.jpg"",""https://mlrglzzxrfvbkucrtffd.supabase.co/storage/v1/object/public/listing-photos/listing-1779159952447-9eme27pmqlt.jpg"",""https://mlrglzzxrfvbkucrtffd.supabase.co/storage/v1/object/public/listing-photos/listing-1779159952848-jc7ea9p850g.jpg"",""https://mlrglzzxrfvbkucrtffd.supabase.co/storage/v1/object/public/listing-photos/listing-1779159953217-funvpvm8p9h.jpg"",""https://mlrglzzxrfvbkucrtffd.supabase.co/storage/v1/object/public/listing-photos/listing-1779159953886-njct1ybzxur.jpg"",""https://mlrglzzxrfvbkucrtffd.supabase.co/storage/v1/object/public/listing-photos/listing-1779159954485-xhlrt5xhwfb.jpg"",""https://mlrglzzxrfvbkucrtffd.supabase.co/storage/v1/object/public/listing-photos/listing-1779159954896-mbk7ipkxf5.jpg"",""https://mlrglzzxrfvbkucrtffd.supabase.co/storage/v1/object/public/listing-photos/listing-1779159955609-s6mnfz2mh6.jpg"",""https://mlrglzzxrfvbkucrtffd.supabase.co/storage/v1/object/public/listing-photos/listing-1779159955998-jjxakuxlpwo.jpg"",""https://mlrglzzxrfvbkucrtffd.supabase.co/storage/v1/object/public/listing-photos/listing-1779159956511-nrn5retdsyh.jpg"",""https://mlrglzzxrfvbkucrtffd.supabase.co/storage/v1/object/public/listing-photos/listing-1779159956937-ifcujei4q8.jpg"",""https://mlrglzzxrfvbkucrtffd.supabase.co/storage/v1/object/public/listing-photos/listing-1779159957432-ae7fixadmvp.jpg"",""https://mlrglzzxrfvbkucrtffd.supabase.co/storage/v1/object/public/listing-photos/listing-1779159957861-n73bsv5xoyb.jpg"",""https://mlrglzzxrfvbkucrtffd.supabase.co/storage/v1/object/public/listing-photos/listing-1779159958487-glctoz2ytnj.jpg"",""https://mlrglzzxrfvbkucrtffd.supabase.co/storage/v1/object/public/listing-photos/listing-1779159958991-97p5e1wpr47.jpg"",""https://mlrglzzxrfvbkucrtffd.supabase.co/storage/v1/object/public/listing-photos/listing-1779159959506-vydwqs87fe.jpg"",""https://mlrglzzxrfvbkucrtffd.supabase.co/storage/v1/object/public/listing-photos/listing-1779159959881-lefwe7po0bm.jpg"",""https://mlrglzzxrfvbkucrtffd.supabase.co/storage/v1/object/public/listing-photos/listing-1779159960429-lnctag7rref.jpg"",""https://mlrglzzxrfvbkucrtffd.supabase.co/storage/v1/object/public/listing-photos/listing-1779159961141-a8r7dhbvau8.jpg"",""https://mlrglzzxrfvbkucrtffd.supabase.co/storage/v1/object/public/listing-photos/listing-1779159962891-08zxzium3qx8.jpg"",""https://mlrglzzxrfvbkucrtffd.supabase.co/storage/v1/object/public/listing-photos/listing-1779159964471-pwau61p53g8.jpg"",""https://mlrglzzxrfvbkucrtffd.supabase.co/storage/v1/object/public/listing-photos/listing-1779159965550-642plkb4obb.jpg"",""https://mlrglzzxrfvbkucrtffd.supabase.co/storage/v1/object/public/listing-photos/listing-1779159967086-9c0uc49o0ge.jpg"",""https://mlrglzzxrfvbkucrtffd.supabase.co/storage/v1/object/public/listing-photos/listing-1779159968518-xcnxa3yj0iq.jpg""]","[""Piscina"",""Bar"",""Lavandería"",""Terraza BBQ"",""Área de Cowork"",""Parque para mascotas"",""Áreas temáticas para fotografiar"",""Gimnasio""]",Apartamento,Alquiler,"Mata Redonda, San José, San José",2,2,1,69,null,null,null,null,null,null,San José,San José,Mata Redonda,9.9281,-84.0907,null,null,null,null,null,null,Alquiler,null,1300.00,null,null,null,null,"[""Alquiler""]"
2ef056a6-6019-4406-96ef-ef28f9f37e17,2026-05-19 23:06:42.636+00,property,Hermosa casa en Freses de Curridabat,155000000,₡,"Vendo y/o alquilo hermosa casa en Freses de Curridabat

Excelente ubicación, zona de alta plusvalía 

Terreno 308.78 m2
Construcción 250 m2

Casa en 2 niveles

Primer nivel 

Sala amplia
Comedor amplio
Cocina con muebles y desayunador 
Hermoso patio trasero con abundante vegetación
Medio baño para visitas
Garage para 2 o 3 vehículos
Cuarto de servicio con baño completo
Área de lavado
Bodega 

Segundo nivel

Tres habitaciones (Principal con baño y closet)
Baño completo para compartir

Precio de venta ₡155.000.000 💰
Precio alquiler mensual ₡950.000 💰",true,"[""https://mlrglzzxrfvbkucrtffd.supabase.co/storage/v1/object/public/listing-photos/listing-1779231991967-kqoq12ezj9.jpeg"",""https://mlrglzzxrfvbkucrtffd.supabase.co/storage/v1/object/public/listing-photos/listing-1779231993916-s64im3v1pr.jpeg"",""https://mlrglzzxrfvbkucrtffd.supabase.co/storage/v1/object/public/listing-photos/listing-1779231994583-tu2fqg2d0l.jpeg"",""https://mlrglzzxrfvbkucrtffd.supabase.co/storage/v1/object/public/listing-photos/listing-1779231995144-z6zab59vl9n.jpeg"",""https://mlrglzzxrfvbkucrtffd.supabase.co/storage/v1/object/public/listing-photos/listing-1779231995787-u5c9idpyuj.jpeg"",""https://mlrglzzxrfvbkucrtffd.supabase.co/storage/v1/object/public/listing-photos/listing-1779231996408-ac39e2eq3mc.jpeg"",""https://mlrglzzxrfvbkucrtffd.supabase.co/storage/v1/object/public/listing-photos/listing-1779231996986-rd814wkf47e.jpeg"",""https://mlrglzzxrfvbkucrtffd.supabase.co/storage/v1/object/public/listing-photos/listing-1779231997538-06b3wp1wqw9.jpeg"",""https://mlrglzzxrfvbkucrtffd.supabase.co/storage/v1/object/public/listing-photos/listing-1779231998053-7rs4k2plbb5.jpeg"",""https://mlrglzzxrfvbkucrtffd.supabase.co/storage/v1/object/public/listing-photos/listing-1779231998588-wqashdmqe1k.jpeg"",""https://mlrglzzxrfvbkucrtffd.supabase.co/storage/v1/object/public/listing-photos/listing-1779231999163-jkimmlvyl3.jpeg"",""https://mlrglzzxrfvbkucrtffd.supabase.co/storage/v1/object/public/listing-photos/listing-1779231999793-zds0ztjcqkg.jpeg"",""https://mlrglzzxrfvbkucrtffd.supabase.co/storage/v1/object/public/listing-photos/listing-1779232000462-ebc1xhw83ia.jpeg"",""https://mlrglzzxrfvbkucrtffd.supabase.co/storage/v1/object/public/listing-photos/listing-1779232001203-rwka6cxl64h.jpeg"",""https://mlrglzzxrfvbkucrtffd.supabase.co/storage/v1/object/public/listing-photos/listing-1779232001747-lqo3grmju1k.jpeg""]","[""Independientemente"",""Barrio de alta plusvalía"",""Uso de suelo mixto"",""Parque enfrente""]",Casa,Venta,"Curridabat, Curridabat, San José",3,2,3,309,null,null,null,null,null,null,San José,Curridabat,Curridabat,9.9233,-84.035,null,null,null,null,null,null,Venta y Alquiler,155000000.00,950000.00,null,null,null,null,"[""Venta"",""Alquiler""]"
7a632f76-bb3a-4fcf-a77b-b951d15879af,2026-05-21 01:18:00.04+00,property,Hermoso lote en La Guácima,47500000,₡,"Vendo hermoso lote ubicado en La Guácima de Alajuela.

En una zona de alta plusvalía.

Cerca de Automercado, farmacias, restaurantes, entre otros. 

Fácil acceso por la ruta 27, a 10 minutos de Ciudad Colón, Santa Ana y a 15 minutos de Escazú.

Listo para construir.
 
Terreno de 509 m2 planos.

Condominio con seguridad 24/7

Calle amplia adoquinada
Tapia perimetral con cerca eléctrica
Área común con piscina
Rancho  para actividades sociales
Zonas verdes y parques infantiles

Precio: ₡47.500.000 💰",true,"[""https://mlrglzzxrfvbkucrtffd.supabase.co/storage/v1/object/public/listing-photos/listing-1779326264080-fmvurgrlgh7.jpg"",""https://mlrglzzxrfvbkucrtffd.supabase.co/storage/v1/object/public/listing-photos/listing-1779326264888-jm2fdr42i3p.jpg"",""https://mlrglzzxrfvbkucrtffd.supabase.co/storage/v1/object/public/listing-photos/listing-1779326266427-498zl7heypc.jpg"",""https://mlrglzzxrfvbkucrtffd.supabase.co/storage/v1/object/public/listing-photos/listing-1779326268793-513g54ejtp9.jpg"",""https://mlrglzzxrfvbkucrtffd.supabase.co/storage/v1/object/public/listing-photos/listing-1779326273839-tcfa3gdzi3s.jpg"",""https://mlrglzzxrfvbkucrtffd.supabase.co/storage/v1/object/public/listing-photos/listing-1779326278718-hcqqmf20uu9.jpg"",""https://mlrglzzxrfvbkucrtffd.supabase.co/storage/v1/object/public/listing-photos/listing-1779326384371-f93dwjzqryi.jpg"",""https://mlrglzzxrfvbkucrtffd.supabase.co/storage/v1/object/public/listing-photos/listing-1779326385216-yuzk2jguopa.jpg"",""https://mlrglzzxrfvbkucrtffd.supabase.co/storage/v1/object/public/listing-photos/listing-1779326386653-t1atazrfejd.jpg"",""https://mlrglzzxrfvbkucrtffd.supabase.co/storage/v1/object/public/listing-photos/listing-1779326387947-z8m10gq9vcg.jpg"",""https://mlrglzzxrfvbkucrtffd.supabase.co/storage/v1/object/public/listing-photos/listing-1779326389507-wnaotnyg3gr.jpg""]","[""Piscina"",""Seguridad 24/7"",""Parque infantil"",""Parque para mascotas"",""A 5 minutos de Automercado""]",Terreno,Venta,"Guácima, Alajuela, Alajuela",null,null,null,509,null,null,null,null,null,null,Alajuela,Alajuela,Guácima,10.0162,-84.2147,null,null,null,null,null,null,Venta,47500000.00,null,null,null,null,null,"[""Venta""]"
a9a24828-de77-463a-89d6-d05ebf27eb4d,2026-05-29 04:38:58.192+00,car,Camión Hino 300 Año 2020,14000000,₡,"Vendo camión Hino 300

Año 2020

En perfecto estado físico y mecánico

Kilometraje 53.000

Motor 4000 cc Diésel 
Tracción 4X2 
Manual

Precio ₡14.000.000 💰",true,"[""https://mlrglzzxrfvbkucrtffd.supabase.co/storage/v1/object/public/listing-photos/listing-1780029534859-aumdc7ontcl.jpg"",""https://mlrglzzxrfvbkucrtffd.supabase.co/storage/v1/object/public/listing-photos/listing-1780029535730-x0r8agpwdbh.jpg"",""https://mlrglzzxrfvbkucrtffd.supabase.co/storage/v1/object/public/listing-photos/listing-1780029536422-k4ix9va2gn.jpg"",""https://mlrglzzxrfvbkucrtffd.supabase.co/storage/v1/object/public/listing-photos/listing-1780029537007-44hnmulsqwy.jpg"",""https://mlrglzzxrfvbkucrtffd.supabase.co/storage/v1/object/public/listing-photos/listing-1780029537749-s6cxo7pty8i.jpg""]",[],null,null,null,null,null,null,null,Hino 300,2020,53000,Manual,Diésel,Blanco,null,null,null,null,null,null,null,null,null,null,4000,null,null,null,null,null,null,null,null
05eb83d3-334d-4f64-b15f-01e465bfa7dc,2026-05-17 02:58:47.117+00,property,Lote plano frente a la Costanera sur Orotina,25000000,₡,"Vendo hermoso lote ubicado en Orotina

Mide 622m2

Frente a Calle pública (Costanera sur)

Cerca de la ruta 27 (A 2 km del cruce hacia Jacó) 

Completamente Plano

Uso de suelo mixto
Disponibilidad eléctrica
Disponibilidad de agua en lista de espera**

Precio ₡25.000.000 💰 (Se escuchan ofertas)",true,"[""https://mlrglzzxrfvbkucrtffd.supabase.co/storage/v1/object/public/listing-photos/listing-1778986719127-ay82fs0web9.jpg"",""https://mlrglzzxrfvbkucrtffd.supabase.co/storage/v1/object/public/listing-photos/listing-1778986720552-q01aa3bcwwk.jpg"",""https://mlrglzzxrfvbkucrtffd.supabase.co/storage/v1/object/public/listing-photos/listing-1778986721254-50pzj7wt9k.jpg"",""https://mlrglzzxrfvbkucrtffd.supabase.co/storage/v1/object/public/listing-photos/listing-1778986721944-pxn15l9tyt.jpg"",""https://mlrglzzxrfvbkucrtffd.supabase.co/storage/v1/object/public/listing-photos/listing-1778986722528-te1fmiq680p.jpg"",""https://mlrglzzxrfvbkucrtffd.supabase.co/storage/v1/object/public/listing-photos/listing-1778986723714-07v3z6qmp84i.jpg"",""https://mlrglzzxrfvbkucrtffd.supabase.co/storage/v1/object/public/listing-photos/listing-1778986724512-oxe3tghdqo.jpg"",""https://mlrglzzxrfvbkucrtffd.supabase.co/storage/v1/object/public/listing-photos/listing-1778986724951-3ye32lw97k7.jpg"",""https://mlrglzzxrfvbkucrtffd.supabase.co/storage/v1/object/public/listing-photos/listing-1778986725371-la5oykxdwvo.jpg"",""https://mlrglzzxrfvbkucrtffd.supabase.co/storage/v1/object/public/listing-photos/listing-1778986726075-nezugsu64w.jpg"",""https://mlrglzzxrfvbkucrtffd.supabase.co/storage/v1/object/public/listing-photos/listing-1778986726569-0vjr5qj2uh0g.jpg""]","[""Excelente ubicación comercial"",""Frente a carretera principal"",""Totalmente plano"",""Uso de suelo mixto"",""A 30 minutos de Jacó""]",Terreno,Venta,"Coyolar, Orotina, Alajuela",null,null,null,622,null,null,null,null,null,null,Alajuela,Orotina,Coyolar,9.9069,-84.5253,null,null,null,null,null,null,null,null,null,null,null,null,null,null
edbf9838-bb65-4eea-882b-584e5b85b010,2026-05-18 17:39:33.406+00,property,Vendo hermosa casa en Altos de Horizonte,220000,$,"Vendo hermosa casa en Altos de Horizonte

Residencial privado con seguridad 24/7 (Control de acceso)

A 5 minutos del centro de Escazú y de Escazú Village

Lote 200 m2
Construcción 190 m2

Casa de 2 niveles

Primer nivel

Garage para 2 vehículos bajo techo
Sala con techos en doble altura
Medio baño para visitas
Cocina con muebles
Comedor integrado con la cocina
Área de lavado
Jardín frontal

Segundo nivel

3 habitaciones
Principal con baño y amplio Walk-in-Closet
Baño completo adicional para compartir
Amplia Terraza techada con jardín (Con entrada independiente) 
Sala de tv o oficina

Amenidades del residencial

Cancha de tennis
Parque para mascotas
Parque infantil

Precio de oportunidad $220.000 💰",true,"[""https://mlrglzzxrfvbkucrtffd.supabase.co/storage/v1/object/public/listing-photos/listing-1779125964330-5tptdga22hs.jpg"",""https://mlrglzzxrfvbkucrtffd.supabase.co/storage/v1/object/public/listing-photos/listing-1779125965464-f1r457vjuyg.jpg"",""https://mlrglzzxrfvbkucrtffd.supabase.co/storage/v1/object/public/listing-photos/listing-1779125965921-kjmspepskdj.jpg"",""https://mlrglzzxrfvbkucrtffd.supabase.co/storage/v1/object/public/listing-photos/listing-1779125966748-z7jw0q5kann.jpg"",""https://mlrglzzxrfvbkucrtffd.supabase.co/storage/v1/object/public/listing-photos/listing-1779125967284-h5w80bwo2nq.jpg"",""https://mlrglzzxrfvbkucrtffd.supabase.co/storage/v1/object/public/listing-photos/listing-1779125967973-567z4tm0l5l.jpg"",""https://mlrglzzxrfvbkucrtffd.supabase.co/storage/v1/object/public/listing-photos/listing-1779125968900-opbkc1teu5q.jpg"",""https://mlrglzzxrfvbkucrtffd.supabase.co/storage/v1/object/public/listing-photos/listing-1779125969538-sayjw6t28a8.jpg"",""https://mlrglzzxrfvbkucrtffd.supabase.co/storage/v1/object/public/listing-photos/listing-1779125970125-lchuiqj5vy.jpg"",""https://mlrglzzxrfvbkucrtffd.supabase.co/storage/v1/object/public/listing-photos/listing-1779125971151-v4vtxiz6q7m.jpg"",""https://mlrglzzxrfvbkucrtffd.supabase.co/storage/v1/object/public/listing-photos/listing-1779125971633-v1h55wi3qre.jpg"",""https://mlrglzzxrfvbkucrtffd.supabase.co/storage/v1/object/public/listing-photos/listing-1779125972177-omjotsaek4j.jpg"",""https://mlrglzzxrfvbkucrtffd.supabase.co/storage/v1/object/public/listing-photos/listing-1779125972697-9lfpksm5li.jpg""]","[""Cancha de tennis"",""Cancha de fútbol"",""Parque para mascotas"",""Parque infantil"",""Seguridad 24/7""]",Casa,Venta,"Alajuelita, Alajuelita, San José",3,2,2,200,null,null,null,null,null,null,San José,Alajuelita,Alajuelita,9.9058,-84.1031,null,null,null,null,null,null,null,null,null,null,null,null,null,null
bc1ab1ac-e458-44d7-b119-19de38bc8ae1,2026-05-18 19:27:58.533+00,property,Propiedad con 4 apartamentos en Desamparados de Alajuela,95000000,₡,"Vendo propiedad con 4 apartamentos en Desamparados de Alajuela

Terreno 195 m2
Construcción 280 m2

En el centro de Desamparados de Alajuela, a 100 metros del Palí, de las paradas de buses, de la Iglesia católica.

Propiedad em dos niveles

Los 4 apartamentos constan de

2 habitaciones
1 baño completo
Sala
Comedor
Área de lavado
Los aptos del primer nivel tiene patio trasero amplio.

El 100% del tiempo permanecen alquildos.

Precio negociable ₡95.000.000 💰",false,"[""https://mlrglzzxrfvbkucrtffd.supabase.co/storage/v1/object/public/listing-photos/listing-1779132475730-7nmlpv2827.jpg"",""https://mlrglzzxrfvbkucrtffd.supabase.co/storage/v1/object/public/listing-photos/listing-1779132476566-vjusldxxomd.jpg"",""https://mlrglzzxrfvbkucrtffd.supabase.co/storage/v1/object/public/listing-photos/listing-1779132476979-34o5g04jgj4.jpg""]",[],Casa,Venta,"Desamparados, Alajuela, Alajuela",8,4,null,280,null,null,null,null,null,null,Alajuela,Alajuela,Desamparados,10.0162,-84.2147,null,null,null,null,null,null,null,null,null,null,null,null,null,null
013d3fd7-76ce-40cf-9a24-48242a02b047,2026-05-18 23:09:28.272+00,property,Finca de 25507 m2 en Tárcoles,149000000,₡,"Vendo finca de 25507 m2 en Tárcoles 

Hermosa propiedad

A 15 minutos del Peñón de Guacalillo

Con tapia frontal
Alcantarillado
Agua potable (con medidor)
Pozo de agua 100% funcionando
Electricidad
Ya cuentan con postes en toda la propiedad para llevar la electricidad.
Calle de lastre en el interior de la finca. 

Actualmente posee 700 árboles de limón mesino.

Con un hermoso árbol de Guanacaste.

Precio ₡149.000.000 💰 (Se puede financiar una parte) 

(Se puede recibir como parte de pago un apartamento moderno en Sabana ó Rohrmoser, también vehículos)",true,"[""https://mlrglzzxrfvbkucrtffd.supabase.co/storage/v1/object/public/listing-photos/listing-1779145761530-48ujp0o75vb.jpg"",""https://mlrglzzxrfvbkucrtffd.supabase.co/storage/v1/object/public/listing-photos/listing-1779145762541-74tzdins3xi.jpg"",""https://mlrglzzxrfvbkucrtffd.supabase.co/storage/v1/object/public/listing-photos/listing-1779145763457-l1eq84e725b.jpg"",""https://mlrglzzxrfvbkucrtffd.supabase.co/storage/v1/object/public/listing-photos/listing-1779145763868-3g824jqy6z6.jpg"",""https://mlrglzzxrfvbkucrtffd.supabase.co/storage/v1/object/public/listing-photos/listing-1779145764380-ktwkzssi9zi.jpg"",""https://mlrglzzxrfvbkucrtffd.supabase.co/storage/v1/object/public/listing-photos/listing-1779145765098-dkgse7zwt6.jpg"",""https://mlrglzzxrfvbkucrtffd.supabase.co/storage/v1/object/public/listing-photos/listing-1779145765917-jvkn7zctlm.jpg"",""https://mlrglzzxrfvbkucrtffd.supabase.co/storage/v1/object/public/listing-photos/listing-1779145766427-wovcoyi2ez.jpg"",""https://mlrglzzxrfvbkucrtffd.supabase.co/storage/v1/object/public/listing-photos/listing-1779145766944-8ief84e8y2y.jpg"",""https://mlrglzzxrfvbkucrtffd.supabase.co/storage/v1/object/public/listing-photos/listing-1779145767760-of1mjulqus.jpg""]","[""Medidores de agua y luz ya instalados"",""Pozo de agua potable propio funcionando"",""Tapia frontal""]",Terreno,Venta,"Tárcoles, Garabito, Puntarenas",null,null,null,25507,null,null,null,null,null,null,Puntarenas,Garabito,Tárcoles,9.55,-84.6333,null,null,null,null,null,null,null,null,null,null,null,null,null,null
9f64d29d-a134-4016-8a34-58d67e496830,2026-05-18 23:32:09.89+00,car,Vendo Toyota 4runner full extras,13500000,₡,"Vendo Toyota 4runner full extras 

Año 2012

Tracción 4X4

Motor 4000 cc

Llantas nuevas

Impecable

Precio ₡13.500.000 💰 (Negociables)",true,"[""https://mlrglzzxrfvbkucrtffd.supabase.co/storage/v1/object/public/listing-photos/listing-1779147123339-lzol2v69x4.jpg"",""https://mlrglzzxrfvbkucrtffd.supabase.co/storage/v1/object/public/listing-photos/listing-1779147123945-ide7fpsxcj.jpg"",""https://mlrglzzxrfvbkucrtffd.supabase.co/storage/v1/object/public/listing-photos/listing-1779147124801-id6cxlg0q0f.jpg"",""https://mlrglzzxrfvbkucrtffd.supabase.co/storage/v1/object/public/listing-photos/listing-1779147125380-tjtgnhvr2ul.jpg"",""https://mlrglzzxrfvbkucrtffd.supabase.co/storage/v1/object/public/listing-photos/listing-1779147125851-ioxhoikufzn.jpg"",""https://mlrglzzxrfvbkucrtffd.supabase.co/storage/v1/object/public/listing-photos/listing-1779147126229-4oqvry7aako.jpg"",""https://mlrglzzxrfvbkucrtffd.supabase.co/storage/v1/object/public/listing-photos/listing-1779147126918-e7ndfqq6sej.jpg"",""https://mlrglzzxrfvbkucrtffd.supabase.co/storage/v1/object/public/listing-photos/listing-1779147127533-i5fdoi7d8f.jpg"",""https://mlrglzzxrfvbkucrtffd.supabase.co/storage/v1/object/public/listing-photos/listing-1779147128148-98suu5il2rh.jpg"",""https://mlrglzzxrfvbkucrtffd.supabase.co/storage/v1/object/public/listing-photos/listing-1779147128654-i4st609ynii.jpg"",""https://mlrglzzxrfvbkucrtffd.supabase.co/storage/v1/object/public/listing-photos/listing-1779147129064-di79vbasonq.jpg"",""https://mlrglzzxrfvbkucrtffd.supabase.co/storage/v1/object/public/listing-photos/listing-1779147129392-8admdjxyp5k.jpg""]","[""Llantas nuevas"",""Cargado de extras""]",null,null,null,null,null,null,null,Toyota 4Runner Limited,2012,295000,Automática,Gasolina,Gris oscuro,null,null,null,null,null,null,null,null,null,null,4000,null,null,null,null,null,null,null,null
d954e4de-222b-4c6a-9ec8-8c98a7de9b43,2026-05-19 02:07:23.496+00,property,Moderna y hermosa casa en Guápiles,85000000,₡,"Vendo hermosa y moderna casa en Buenos Aires de Guápiles

Lote 500 m2 (Uso de suelo mixto) 
Construcción 82 m2

Casa de una sola planta 

2 habitaciones
2.5 baños
Sala
Comedor
Cocina
Estacionamiento para 3 o 4 vehículos 
Área de lavado
Amplias zonas verdes
Jacuzzi
Rancho BBQ 16 m2

Precio de venta ₡85.000.000 💰 (Negociables)
Alquiler mensual ₡400.000 💰 (Mismo monto de depósito en un solo tracto)",true,"[""https://mlrglzzxrfvbkucrtffd.supabase.co/storage/v1/object/public/listing-photos/listing-1779156412884-c2lyc3mhsfo.jpg"",""https://mlrglzzxrfvbkucrtffd.supabase.co/storage/v1/object/public/listing-photos/listing-1779156414308-x5hwp2j73tp.jpg"",""https://mlrglzzxrfvbkucrtffd.supabase.co/storage/v1/object/public/listing-photos/listing-1779156415022-9ht2425z8s.jpg"",""https://mlrglzzxrfvbkucrtffd.supabase.co/storage/v1/object/public/listing-photos/listing-1779156416065-ov604fyzeq.jpg"",""https://mlrglzzxrfvbkucrtffd.supabase.co/storage/v1/object/public/listing-photos/listing-1779156417374-jfef299ha3.jpg"",""https://mlrglzzxrfvbkucrtffd.supabase.co/storage/v1/object/public/listing-photos/listing-1779156418507-y6f1k1n8r3.jpg"",""https://mlrglzzxrfvbkucrtffd.supabase.co/storage/v1/object/public/listing-photos/listing-1779156419634-efg8i1f1edr.jpg"",""https://mlrglzzxrfvbkucrtffd.supabase.co/storage/v1/object/public/listing-photos/listing-1779156420247-t5i15nwf5ob.jpg"",""https://mlrglzzxrfvbkucrtffd.supabase.co/storage/v1/object/public/listing-photos/listing-1779156420960-4lsps63fub7.jpg"",""https://mlrglzzxrfvbkucrtffd.supabase.co/storage/v1/object/public/listing-photos/listing-1779156421682-ro6t2579s1f.jpg"",""https://mlrglzzxrfvbkucrtffd.supabase.co/storage/v1/object/public/listing-photos/listing-1779156422809-xzakuw0u5p.jpg"",""https://mlrglzzxrfvbkucrtffd.supabase.co/storage/v1/object/public/listing-photos/listing-1779156423524-6c9t9tqnylh.jpg"",""https://mlrglzzxrfvbkucrtffd.supabase.co/storage/v1/object/public/listing-photos/listing-1779156424447-rldgb0jnzi.jpg"",""https://mlrglzzxrfvbkucrtffd.supabase.co/storage/v1/object/public/listing-photos/listing-1779156425512-4axul4077wx.heif"",""https://mlrglzzxrfvbkucrtffd.supabase.co/storage/v1/object/public/listing-photos/listing-1779156426290-fyoqv98n68e.jpg"",""https://mlrglzzxrfvbkucrtffd.supabase.co/storage/v1/object/public/listing-photos/listing-1779156427517-t4g11hute5a.heif"",""https://mlrglzzxrfvbkucrtffd.supabase.co/storage/v1/object/public/listing-photos/listing-1779156428635-nkx0q8eut3.heif"",""https://mlrglzzxrfvbkucrtffd.supabase.co/storage/v1/object/public/listing-photos/listing-1779156429570-9kpaizp56h.heif"",""https://mlrglzzxrfvbkucrtffd.supabase.co/storage/v1/object/public/listing-photos/listing-1779156430657-sxnup18mby.heif"",""https://mlrglzzxrfvbkucrtffd.supabase.co/storage/v1/object/public/listing-photos/listing-1779156431509-s5eve14j85.jpg"",""https://mlrglzzxrfvbkucrtffd.supabase.co/storage/v1/object/public/listing-photos/listing-1779156432435-isrbyddb749.jpg"",""https://mlrglzzxrfvbkucrtffd.supabase.co/storage/v1/object/public/listing-photos/listing-1779156433248-81dz3q8oog.heif"",""https://mlrglzzxrfvbkucrtffd.supabase.co/storage/v1/object/public/listing-photos/listing-1779156434071-7daia9vrnmr.jpg"",""https://mlrglzzxrfvbkucrtffd.supabase.co/storage/v1/object/public/listing-photos/listing-1779156434788-2ff19dfvm3o.jpg"",""https://mlrglzzxrfvbkucrtffd.supabase.co/storage/v1/object/public/listing-photos/listing-1779156436012-2p3gypvmc2y.heif"",""https://mlrglzzxrfvbkucrtffd.supabase.co/storage/v1/object/public/listing-photos/listing-1779156436837-y4k50b35xum.heif"",""https://mlrglzzxrfvbkucrtffd.supabase.co/storage/v1/object/public/listing-photos/listing-1779156437963-hy8yik1cjnh.heif"",""https://mlrglzzxrfvbkucrtffd.supabase.co/storage/v1/object/public/listing-photos/listing-1779156438993-7j8bc265v7h.heif"",""https://mlrglzzxrfvbkucrtffd.supabase.co/storage/v1/object/public/listing-photos/listing-1779156440010-6r0bwpdby5.heif"",""https://mlrglzzxrfvbkucrtffd.supabase.co/storage/v1/object/public/listing-photos/listing-1779156441249-4rs8pyyvxaj.heif"",""https://mlrglzzxrfvbkucrtffd.supabase.co/storage/v1/object/public/listing-photos/listing-1779156442205-2hj3p0a2whx.heif""]","[""Jacuzzi"",""Amplias zonas verdes"",""Uso de suelo mixto"",""Bodega""]",Casa,Venta,"Guápiles, Pococí, Limón",2,2,4,500,null,null,null,null,null,null,Limón,Pococí,Guápiles,10.3333,-83.5833,null,null,null,null,null,null,Venta y Alquiler,85000000.00,400000.00,null,null,null,null,"[""Venta"",""Alquiler""]"
37a45a57-8ab4-48a1-bfbb-60c51724c017,2026-05-19 19:42:29.352+00,property,Hermosa casa en las montañas de Heredia,790000,$,"Vendo espectacular casa en las montañas de San Isidro de Heredia

Rodeada de naturaleza, un clima fresco la mayor parte del tiempo

Zona segura, de facil acceso 

Terreno 809 m2
Construcción 478 m2

Casa de 2 niveles con amplias zonas verdes 

4 habitaciones
4.5 baños
Sala y comedor amplios
Cocina con muebles
4 balcones
2 terrazas
Garage amplio hasta para 7 vehículos (2 bajo techo) 
Bodega
Cuarto de servicio con baño completo
Área de lavado

Área social con amplio bar y chimenea

Precio de venta $790.000",true,"[""https://mlrglzzxrfvbkucrtffd.supabase.co/storage/v1/object/public/listing-photos/listing-1779918517437-h9ns5iq75uo.jpeg"",""https://mlrglzzxrfvbkucrtffd.supabase.co/storage/v1/object/public/listing-photos/listing-1779918521357-rqmwaa7tpco.jpeg"",""https://mlrglzzxrfvbkucrtffd.supabase.co/storage/v1/object/public/listing-photos/listing-1779918522767-ibcbofzeyw.jpeg"",""https://mlrglzzxrfvbkucrtffd.supabase.co/storage/v1/object/public/listing-photos/listing-1779918524107-08xqr5qp8jyb.jpeg"",""https://mlrglzzxrfvbkucrtffd.supabase.co/storage/v1/object/public/listing-photos/listing-1779918525163-zs082xxmg7h.jpeg"",""https://mlrglzzxrfvbkucrtffd.supabase.co/storage/v1/object/public/listing-photos/listing-1779918526390-iwn2odntn5q.jpeg"",""https://mlrglzzxrfvbkucrtffd.supabase.co/storage/v1/object/public/listing-photos/listing-1779918527512-my34r9abyq.jpeg"",""https://mlrglzzxrfvbkucrtffd.supabase.co/storage/v1/object/public/listing-photos/listing-1779918528741-swu2uz3duks.jpeg"",""https://mlrglzzxrfvbkucrtffd.supabase.co/storage/v1/object/public/listing-photos/listing-1779918530016-v4xo01v7hx.jpeg"",""https://mlrglzzxrfvbkucrtffd.supabase.co/storage/v1/object/public/listing-photos/listing-1779918531464-n5y3pq78zlc.jpeg"",""https://mlrglzzxrfvbkucrtffd.supabase.co/storage/v1/object/public/listing-photos/listing-1779918532623-ac2o6d95bth.jpeg"",""https://mlrglzzxrfvbkucrtffd.supabase.co/storage/v1/object/public/listing-photos/listing-1779918534002-2z68t5lbqca.jpeg"",""https://mlrglzzxrfvbkucrtffd.supabase.co/storage/v1/object/public/listing-photos/listing-1779918535680-c2nm7y3v73.jpeg"",""https://mlrglzzxrfvbkucrtffd.supabase.co/storage/v1/object/public/listing-photos/listing-1779918537643-06ci8zhod29q.jpeg"",""https://mlrglzzxrfvbkucrtffd.supabase.co/storage/v1/object/public/listing-photos/listing-1779918554255-blvcwa2wjef.jpeg"",""https://mlrglzzxrfvbkucrtffd.supabase.co/storage/v1/object/public/listing-photos/listing-1779918557291-pxgv79oenu.jpeg"",""https://mlrglzzxrfvbkucrtffd.supabase.co/storage/v1/object/public/listing-photos/listing-1779918559800-t74aib7kbbm.jpeg"",""https://mlrglzzxrfvbkucrtffd.supabase.co/storage/v1/object/public/listing-photos/listing-1779918562829-poifmjyhws8.jpeg"",""https://mlrglzzxrfvbkucrtffd.supabase.co/storage/v1/object/public/listing-photos/listing-1779918568262-73jdevctpxx.jpeg"",""https://mlrglzzxrfvbkucrtffd.supabase.co/storage/v1/object/public/listing-photos/listing-1779918571320-nue8b0retuf.jpeg"",""https://mlrglzzxrfvbkucrtffd.supabase.co/storage/v1/object/public/listing-photos/listing-1779918595067-zjtxwffvfui.jpeg"",""https://mlrglzzxrfvbkucrtffd.supabase.co/storage/v1/object/public/listing-photos/listing-1779918622317-j9al940qh1.jpeg""]","[""Bar"",""Chimenea"",""Área social"",""Hermosas vistas"",""Zona montañosa""]",Casa,Venta,"Concepción, San Isidro, Heredia",4,4,7,809,null,null,null,null,null,null,Heredia,San Isidro,Concepción,10,-84.0833,null,null,null,null,null,null,Venta,790000.00,null,null,null,null,null,"[""Venta""]"
757d6701-5d76-4ae7-92ae-804abacee544,2026-05-19 19:48:05.148+00,property,Propiedad esquinera en San Joaquín de Flores,590000,$,"Vendo propiedad esquinera en San Joaquín de Flores

Excelente ubicación en una zona comercial con alto crecimiento 

Terreno 560 m2

Actualmente cuenta con una edificación de una planta

Apartamento
Oficinas
Comedor
Sala de exhibición
Parqueos
Zona verde

Precio $590.000 💰 (Se puede ceder crédito bancario sin cambio de deudor)",true,"[""https://mlrglzzxrfvbkucrtffd.supabase.co/storage/v1/object/public/listing-photos/listing-1779220076345-e71g8tw8uni.jpg"",""https://mlrglzzxrfvbkucrtffd.supabase.co/storage/v1/object/public/listing-photos/listing-1779220077847-ujp76kk3if8.jpg"",""https://mlrglzzxrfvbkucrtffd.supabase.co/storage/v1/object/public/listing-photos/listing-1779220078450-ib2f7seyat.jpg"",""https://mlrglzzxrfvbkucrtffd.supabase.co/storage/v1/object/public/listing-photos/listing-1779220079068-co93s2ny68a.jpg"",""https://mlrglzzxrfvbkucrtffd.supabase.co/storage/v1/object/public/listing-photos/listing-1779220079770-p9j8ymtfp7l.jpg"",""https://mlrglzzxrfvbkucrtffd.supabase.co/storage/v1/object/public/listing-photos/listing-1779220082774-rayebzu6fcm.jpg""]","[""Excelente ubicación"",""Oficinas"",""Comercio""]",Oficina,Venta,"San Joaquín, Flores, Heredia",null,3,6,560,null,null,null,null,null,null,Heredia,Flores,San Joaquín,10.0167,-84.15,null,null,null,null,null,null,Venta,590000.00,null,null,null,null,null,"[""Venta""]"
8ea9f7ae-8625-41c8-b571-7253b3437d47,2026-05-19 20:55:33.268+00,property,Apartamento tipo estudio en Bo Escalante totalmente equipado,140000,$,"Vendo apartamento tipo estudio en Bo Escalante totalmente equipado. 

En una de las zonas de mayor crecimiento en la capital

Condominio, 7mo piso. 

Tipo estudio: 32 m2 (Cuenta con un parqueo) 

Amenidades,

Área de cowork
Sala de reuniones
Jacuzzi
Área de piano
Terraza BBQ
Gimnasio 

Precio de venta totalmente equipado $140.000 💰 (Precio negociable)",true,"[""https://mlrglzzxrfvbkucrtffd.supabase.co/storage/v1/object/public/listing-photos/listing-1779224468485-pe5hqio04j.jpg"",""https://mlrglzzxrfvbkucrtffd.supabase.co/storage/v1/object/public/listing-photos/listing-1779224470042-rfm41tcvqvg.jpg"",""https://mlrglzzxrfvbkucrtffd.supabase.co/storage/v1/object/public/listing-photos/listing-1779224470688-oabwircffco.jpg"",""https://mlrglzzxrfvbkucrtffd.supabase.co/storage/v1/object/public/listing-photos/listing-1779224471280-1mjl3sxqwsa.jpg"",""https://mlrglzzxrfvbkucrtffd.supabase.co/storage/v1/object/public/listing-photos/listing-1779224471858-3ogtaxxdxnr.jpg"",""https://mlrglzzxrfvbkucrtffd.supabase.co/storage/v1/object/public/listing-photos/listing-1779224472530-5893jgwzc1x.jpg"",""https://mlrglzzxrfvbkucrtffd.supabase.co/storage/v1/object/public/listing-photos/listing-1779224473275-eglmplsnxzn.jpg"",""https://mlrglzzxrfvbkucrtffd.supabase.co/storage/v1/object/public/listing-photos/listing-1779224473913-piudkdm49y.jpg"",""https://mlrglzzxrfvbkucrtffd.supabase.co/storage/v1/object/public/listing-photos/listing-1779224474521-9m96bml82ns.jpg""]","[""Seguridad 24/7"",""Área de piano"",""Jacuzzi"",""Área de Cowork"",""Lavandería"",""Terraza BBQ"",""Gimnasio""]",Casa,Venta,"Carmen, San José, San José",1,1,1,32,null,null,null,null,null,null,San José,San José,Carmen,9.9281,-84.0907,null,null,null,null,null,null,Venta,140000.00,null,null,null,null,null,"[""Venta""]"
bba0b172-8487-4b14-b0b4-0fabb025c33d,2026-05-19 21:24:21.837+00,car,Camión Mack Granite Año 2005 para inscribir,25000000,₡,"Vendo camión Mack Granite

Año 2005

Perfecto estado físico y mecánico

Para inscribir

Motor Mack Renault
Caja 8 low low

Precio ₡25.000.000 💰(Se escuchan ofertas)",true,"[""https://mlrglzzxrfvbkucrtffd.supabase.co/storage/v1/object/public/listing-photos/listing-1779225854765-6u1901yrcpe.jpg"",""https://mlrglzzxrfvbkucrtffd.supabase.co/storage/v1/object/public/listing-photos/listing-1779225858605-o6evvd85fd.jpg"",""https://mlrglzzxrfvbkucrtffd.supabase.co/storage/v1/object/public/listing-photos/listing-1779225859372-hin2mhp1smr.jpg"",""https://mlrglzzxrfvbkucrtffd.supabase.co/storage/v1/object/public/listing-photos/listing-1779225860257-5cwc3dz3us8.jpg"",""https://mlrglzzxrfvbkucrtffd.supabase.co/storage/v1/object/public/listing-photos/listing-1779225861111-fhwnkb7r3ok.jpg""]","[""Para inscribir""]",null,null,null,null,null,null,null,Mack,2005,,Manual,Diésel,,null,null,null,null,null,null,null,null,null,null,,null,null,null,null,null,null,null,null
5ce5c6c5-ad3a-4e22-9194-2e053cc096d2,2026-05-19 21:36:29.58+00,property,Casa en Santa Catalina de Rohrmoser,90000000,₡,"Vendo casa en Santa Catalina de Rohrmoser

Ubicación estratégica

Fácil acceso a la ruta 1, a circunvalación, Sabana. 

Cerca de parada de autobús, de supermercados, de parques infantiles, entre otros. 

Terreno 180 m2
Construcción 174 m2

Casa de una sola planta

4 habitaciones
2 baños completos
Sala
Comedor
Cocina con muebles
Área de lavado
Patio techado 
Garage para 1 vehículo grande y motocicleta. 
Jardín frontal

Precio ₡90.000.000 💰",true,"[""https://mlrglzzxrfvbkucrtffd.supabase.co/storage/v1/object/public/listing-photos/listing-1779226580047-ploq1uvm79a.jpg"",""https://mlrglzzxrfvbkucrtffd.supabase.co/storage/v1/object/public/listing-photos/listing-1779226581363-i8nc09tb1za.jpg"",""https://mlrglzzxrfvbkucrtffd.supabase.co/storage/v1/object/public/listing-photos/listing-1779226582070-digq5of3e6.jpg"",""https://mlrglzzxrfvbkucrtffd.supabase.co/storage/v1/object/public/listing-photos/listing-1779226582761-6pm7td1so3f.jpg"",""https://mlrglzzxrfvbkucrtffd.supabase.co/storage/v1/object/public/listing-photos/listing-1779226583413-v44gbwgjqpt.jpg"",""https://mlrglzzxrfvbkucrtffd.supabase.co/storage/v1/object/public/listing-photos/listing-1779226584041-pn2loa4sd88.jpg"",""https://mlrglzzxrfvbkucrtffd.supabase.co/storage/v1/object/public/listing-photos/listing-1779226584712-hl0xs86467l.jpg"",""https://mlrglzzxrfvbkucrtffd.supabase.co/storage/v1/object/public/listing-photos/listing-1779226585369-a6f9hq43ox.jpg"",""https://mlrglzzxrfvbkucrtffd.supabase.co/storage/v1/object/public/listing-photos/listing-1779226585980-9429mhergm.jpg"",""https://mlrglzzxrfvbkucrtffd.supabase.co/storage/v1/object/public/listing-photos/listing-1779226586937-8a61w1zv05.jpg"",""https://mlrglzzxrfvbkucrtffd.supabase.co/storage/v1/object/public/listing-photos/listing-1779226587547-9zror1ep39e.jpg"",""https://mlrglzzxrfvbkucrtffd.supabase.co/storage/v1/object/public/listing-photos/listing-1779226588198-moz1hfsg7b.jpg"",""https://mlrglzzxrfvbkucrtffd.supabase.co/storage/v1/object/public/listing-photos/listing-1779226588876-a44of81e1s.jpg""]","[""Excelente ubicación"",""Casa de una sola planta""]",Casa,Venta,"Pavas, San José, San José",3,2,1,180,null,null,null,null,null,null,San José,San José,Pavas,9.9281,-84.0907,null,null,null,null,null,null,Venta,90000000.00,null,null,null,null,null,"[""Venta""]"
821fa26d-9f74-4944-953a-e80c940274ed,2026-05-19 22:50:14.005+00,property,Lote de 1260m2 en condominio en La Unión,149000000,₡,"Vendo lote de 1260 m2 en condominio en La Unión

Lote esquinero, completamente plano

Zona de condominios de alta plusvalía

Cerca de los principales centros comerciales y escuelas privadas de la zona

Dos anillos de seguridad 24/7
Calles adoquinadas
Electrificación subterránea
Cierre perimetral

Amenidades

Cancha sintética
Zona infantil
Parques con amplias zonas verdes y senderos

Precio de venta ₡149.900.000 💰",true,"[""https://mlrglzzxrfvbkucrtffd.supabase.co/storage/v1/object/public/listing-photos/listing-1779231006391-1fyx8v4oltk.jpeg"",""https://mlrglzzxrfvbkucrtffd.supabase.co/storage/v1/object/public/listing-photos/listing-1779231007953-xwugfqno6p.jpeg"",""https://mlrglzzxrfvbkucrtffd.supabase.co/storage/v1/object/public/listing-photos/listing-1779231008706-jsfdoowbe4g.jpeg"",""https://mlrglzzxrfvbkucrtffd.supabase.co/storage/v1/object/public/listing-photos/listing-1779231009391-zyqyh0gzktl.jpeg"",""https://mlrglzzxrfvbkucrtffd.supabase.co/storage/v1/object/public/listing-photos/listing-1779231010043-v6xqmtxsgb.jpeg"",""https://mlrglzzxrfvbkucrtffd.supabase.co/storage/v1/object/public/listing-photos/listing-1779231011117-dnoynb0hlbg.jpeg"",""https://mlrglzzxrfvbkucrtffd.supabase.co/storage/v1/object/public/listing-photos/listing-1779231011881-hdfyzfbjmpa.jpeg"",""https://mlrglzzxrfvbkucrtffd.supabase.co/storage/v1/object/public/listing-photos/listing-1779231012489-hn8ql2nj6rt.jpeg"",""https://mlrglzzxrfvbkucrtffd.supabase.co/storage/v1/object/public/listing-photos/listing-1779231013355-8a6zjkkw1xn.jpeg""]","[""Cancha sintética"",""Zona infantil"",""Amplias zonas verdes"",""Senderos"",""Calles adoquinadas"",""Dos anillos de seguridad 24/7""]",Terreno,Venta,"Tres Ríos, La Unión, Cartago",null,null,null,1260,null,null,null,null,null,null,Cartago,La Unión,Tres Ríos,9.9028,-83.99,null,null,null,null,null,null,Venta,149000000.00,null,null,null,null,null,"[""Venta""]"
85ca7f36-b274-43e9-8e63-b6e79d74a45c,2026-05-21 01:01:31.478+00,property,Hermoso terreno de 16000 m2 en Tárcoles,195000,$,"Vendo terreno de 16000 m2 en Tárcoles 

Ideal para quinta vacacional

Amplio terreno de 16000 m2 topografía mayormente plana

Con disponibilidad de luz

Ya cuenta con una paja de agua

Zona muy segura, calle privada, control de ingreso con oficial de seguridad.

Desvío de 15 minutos sobre Costanera, carretera hacia Jacó

A 30 minutos de Jacó, a 20 minutos del Automercado de Herradura

Precio $195.000 💰 Negociables",true,"[""https://mlrglzzxrfvbkucrtffd.supabase.co/storage/v1/object/public/listing-photos/listing-1779325265056-6kbk8qz5dbb.jpg"",""https://mlrglzzxrfvbkucrtffd.supabase.co/storage/v1/object/public/listing-photos/listing-1779325267919-irgsmadhh9s.jpg"",""https://mlrglzzxrfvbkucrtffd.supabase.co/storage/v1/object/public/listing-photos/listing-1779325269668-jg5kl7cc97i.jpg"",""https://mlrglzzxrfvbkucrtffd.supabase.co/storage/v1/object/public/listing-photos/listing-1779325271916-r8mputq6f1p.jpg"",""https://mlrglzzxrfvbkucrtffd.supabase.co/storage/v1/object/public/listing-photos/listing-1779325274067-mu7ngydu4b.jpg"",""https://mlrglzzxrfvbkucrtffd.supabase.co/storage/v1/object/public/listing-photos/listing-1779325275805-pbbup60m0t.jpg"",""https://mlrglzzxrfvbkucrtffd.supabase.co/storage/v1/object/public/listing-photos/listing-1779325277548-6fye1vrj817.jpg"",""https://mlrglzzxrfvbkucrtffd.supabase.co/storage/v1/object/public/listing-photos/listing-1779325279392-jpvrvblqw4.jpg"",""https://mlrglzzxrfvbkucrtffd.supabase.co/storage/v1/object/public/listing-photos/listing-1779325281028-xnmgqeabmar.jpg"",""https://mlrglzzxrfvbkucrtffd.supabase.co/storage/v1/object/public/listing-photos/listing-1779325283082-d8218tz03z.jpg"",""https://mlrglzzxrfvbkucrtffd.supabase.co/storage/v1/object/public/listing-photos/listing-1779325285127-flgy48gix5d.jpg"",""https://mlrglzzxrfvbkucrtffd.supabase.co/storage/v1/object/public/listing-photos/listing-1779325287073-lmrk23ualvi.jpg"",""https://mlrglzzxrfvbkucrtffd.supabase.co/storage/v1/object/public/listing-photos/listing-1779325289631-8qvpt6jahqa.jpg""]","[""A solo 30 minutos de Jacó"",""Comunidad cerrada""]",Terreno,Venta,"Tárcoles, Garabito, Puntarenas",null,null,null,16000,null,null,null,null,null,null,Puntarenas,Garabito,Tárcoles,9.55,-84.6333,null,null,null,null,null,null,Venta,195000.00,null,null,null,null,null,"[""Venta""]"
faca1f1f-ae00-4293-be65-e315462150b1,2026-05-21 02:25:04.881+00,property,Espectacular casa en Trejos Montealegre Escazú,3750,$,"Alquilo espectacular casa en Trejos Montealegre Escazú

Terreno 625 m2
Construcción 450 m2

Frente a calle ancha
Zona de alta plusvalía
Seguridad 24/7
Cerca de parques, zona comercial, fácil acceso a la ruta 27.

Casa de una sola planta

Tres habitaciones (Principal con baño completo con 2 lavatorios y 2 Walk-in-Closet) 
(Habitaciones secundarias con Walk-in-Closet y comparten un baño)
Sala super amplia
Comedor
Terraza
Jardín y patio trasero con zacate
Cocina (con nevera, congelador, cocina, hornos, lavadora de platos)
Cuarto de pilas, patio de tendido. 
Garage para dos carros bajo techo y uno afuera. 
Arriba del garage es el área de servicio con 2 dormitorios, baño y una salita.

Alquiler mensual $3.750 💰 (Igual monto de depósito)",true,"[""https://mlrglzzxrfvbkucrtffd.supabase.co/storage/v1/object/public/listing-photos/listing-1779330289339-gpevxo2skv4.jpg"",""https://mlrglzzxrfvbkucrtffd.supabase.co/storage/v1/object/public/listing-photos/listing-1779330290656-yszwak3qqp.jpg"",""https://mlrglzzxrfvbkucrtffd.supabase.co/storage/v1/object/public/listing-photos/listing-1779330291517-fuv122kbh06.jpg"",""https://mlrglzzxrfvbkucrtffd.supabase.co/storage/v1/object/public/listing-photos/listing-1779330292291-jt895n6ixwm.jpg"",""https://mlrglzzxrfvbkucrtffd.supabase.co/storage/v1/object/public/listing-photos/listing-1779330292805-31vx0u93sjg.jpg"",""https://mlrglzzxrfvbkucrtffd.supabase.co/storage/v1/object/public/listing-photos/listing-1779330293206-xdkv95xu7y7.jpg"",""https://mlrglzzxrfvbkucrtffd.supabase.co/storage/v1/object/public/listing-photos/listing-1779330293622-5u8bt47pid9.jpg"",""https://mlrglzzxrfvbkucrtffd.supabase.co/storage/v1/object/public/listing-photos/listing-1779330294136-ksl51t2ica.jpg"",""https://mlrglzzxrfvbkucrtffd.supabase.co/storage/v1/object/public/listing-photos/listing-1779330294868-4nlunif8evx.jpg"",""https://mlrglzzxrfvbkucrtffd.supabase.co/storage/v1/object/public/listing-photos/listing-1779330295258-xg4do5ngh2.jpg"",""https://mlrglzzxrfvbkucrtffd.supabase.co/storage/v1/object/public/listing-photos/listing-1779330295877-38c7i17teyb.jpg"",""https://mlrglzzxrfvbkucrtffd.supabase.co/storage/v1/object/public/listing-photos/listing-1779330296384-kiqokjtpweb.jpg"",""https://mlrglzzxrfvbkucrtffd.supabase.co/storage/v1/object/public/listing-photos/listing-1779330297004-jhfpq0hdtbg.jpg"",""https://mlrglzzxrfvbkucrtffd.supabase.co/storage/v1/object/public/listing-photos/listing-1779330297408-28jdjkgccpg.jpg"",""https://mlrglzzxrfvbkucrtffd.supabase.co/storage/v1/object/public/listing-photos/listing-1779330297836-faq2gbp44se.jpg"",""https://mlrglzzxrfvbkucrtffd.supabase.co/storage/v1/object/public/listing-photos/listing-1779330298438-int9nhj8em8.jpg"",""https://mlrglzzxrfvbkucrtffd.supabase.co/storage/v1/object/public/listing-photos/listing-1779330298843-ffrr5imbvb9.jpg"",""https://mlrglzzxrfvbkucrtffd.supabase.co/storage/v1/object/public/listing-photos/listing-1779330299257-g41mkyjusap.jpg"",""https://mlrglzzxrfvbkucrtffd.supabase.co/storage/v1/object/public/listing-photos/listing-1779330299660-ekew86wkqpt.jpg"",""https://mlrglzzxrfvbkucrtffd.supabase.co/storage/v1/object/public/listing-photos/listing-1779330300073-jo9hs7gzu2d.jpg"",""https://mlrglzzxrfvbkucrtffd.supabase.co/storage/v1/object/public/listing-photos/listing-1779330300587-npyejxu7rp.jpg"",""https://mlrglzzxrfvbkucrtffd.supabase.co/storage/v1/object/public/listing-photos/listing-1779330300976-0pcc0x1d331c.jpg"",""https://mlrglzzxrfvbkucrtffd.supabase.co/storage/v1/object/public/listing-photos/listing-1779330301403-yh69cqh0jo.jpg"",""https://mlrglzzxrfvbkucrtffd.supabase.co/storage/v1/object/public/listing-photos/listing-1779330301918-j2uubez4m7.jpg"",""https://mlrglzzxrfvbkucrtffd.supabase.co/storage/v1/object/public/listing-photos/listing-1779330302857-cw26sb75l3e.jpg"",""https://mlrglzzxrfvbkucrtffd.supabase.co/storage/v1/object/public/listing-photos/listing-1779330303659-82y0cwc7x8c.jpg"",""https://mlrglzzxrfvbkucrtffd.supabase.co/storage/v1/object/public/listing-photos/listing-1779330304379-qtauq8qeq38.jpg""]","[""Excelente ubicación"",""Zona de alta plusvalía"",""Zona muy segura""]",Casa,Alquiler,"San Rafael, Escazú, San José",5,3,3,625,null,null,null,null,null,null,San José,Escazú,San Rafael,9.9189,-84.1412,null,null,null,null,null,null,Alquiler,null,3750.00,null,null,null,null,"[""Alquiler""]"
0ae31785-e011-41fa-a4e3-d19f48e445e6,2026-05-20 22:21:06.896+00,property,Vendo y/o alquilo apartamento en Sky Garden Nunciatura,155000,$,"Vendo y/o alquilo apartamento en Sky Garden Nunciatura

Apartamento en el piso 10

Medida 38.86 m2
Bodega 0.84 m2

Una habitación con Walk-in-Closet 
Cocina con muebles
Sala de estar con aire acondicionado 
Balcón

Torre con 17 modernas amenidades

Solarium
Coworking
Biblioteca
Gimnasio
Piscina
Parque para perros (Con área para grooming)

Entre otras

Precio full amoblado $175.000 💰
Precio sin muebles $155.000 💰 (Se incluye aire acondicionado, lámparas, pantalla TV y cortinas blackout)

Precio alquiler sin muebles $1.100💰 (Mismo monto de depósito en un solo tracto) 
Precio alquiler amoblado $1. 300 💰",true,"[""https://mlrglzzxrfvbkucrtffd.supabase.co/storage/v1/object/public/listing-photos/listing-1779315619451-mnd78tuq1n.jpg"",""https://mlrglzzxrfvbkucrtffd.supabase.co/storage/v1/object/public/listing-photos/listing-1779315625379-qxifrfdr46a.jpg"",""https://mlrglzzxrfvbkucrtffd.supabase.co/storage/v1/object/public/listing-photos/listing-1779315626629-qlg1025nmdd.jpg"",""https://mlrglzzxrfvbkucrtffd.supabase.co/storage/v1/object/public/listing-photos/listing-1779315627552-lmqpzhpz7vk.jpg"",""https://mlrglzzxrfvbkucrtffd.supabase.co/storage/v1/object/public/listing-photos/listing-1779315629194-rcxbvgydetd.jpg"",""https://mlrglzzxrfvbkucrtffd.supabase.co/storage/v1/object/public/listing-photos/listing-1779315630426-zvldw5am29.jpg"",""https://mlrglzzxrfvbkucrtffd.supabase.co/storage/v1/object/public/listing-photos/listing-1779315632475-4b0et363kxk.jpg"",""https://mlrglzzxrfvbkucrtffd.supabase.co/storage/v1/object/public/listing-photos/listing-1779315634518-rl6plc2u9gc.jpg"",""https://mlrglzzxrfvbkucrtffd.supabase.co/storage/v1/object/public/listing-photos/listing-1779315636874-xnjr6vzntpr.jpg"",""https://mlrglzzxrfvbkucrtffd.supabase.co/storage/v1/object/public/listing-photos/listing-1779315639126-blp55mj46q5.jpg"",""https://mlrglzzxrfvbkucrtffd.supabase.co/storage/v1/object/public/listing-photos/listing-1779315641588-ireja73hsf.jpg"",""https://mlrglzzxrfvbkucrtffd.supabase.co/storage/v1/object/public/listing-photos/listing-1779315644346-n6luv00ujns.jpg"",""https://mlrglzzxrfvbkucrtffd.supabase.co/storage/v1/object/public/listing-photos/listing-1779315647235-yb4x75r0dd.jpg"",""https://mlrglzzxrfvbkucrtffd.supabase.co/storage/v1/object/public/listing-photos/listing-1779315650291-zu38f107ngb.jpg"",""https://mlrglzzxrfvbkucrtffd.supabase.co/storage/v1/object/public/listing-photos/listing-1779315653462-rlixibqep.jpg"",""https://mlrglzzxrfvbkucrtffd.supabase.co/storage/v1/object/public/listing-photos/listing-1779315656539-3bp3edd43ib.jpg"",""https://mlrglzzxrfvbkucrtffd.supabase.co/storage/v1/object/public/listing-photos/listing-1779315660429-b58ep3yyzxa.jpg"",""https://mlrglzzxrfvbkucrtffd.supabase.co/storage/v1/object/public/listing-photos/listing-1779315663501-zfszfekevm.jpg""]","[""Solarium"",""Coworking"",""Biblioteca"",""Gimnasio"",""Piscinas"",""Parque para perros"",""Área de gromming""]",Casa,Venta,"Mata Redonda, San José, San José",1,1,null,39,null,null,null,null,null,null,San José,San José,Mata Redonda,9.9281,-84.0907,null,null,null,null,null,null,Venta y Alquiler,155000.00,1300.00,null,null,null,null,"[""Venta"",""Alquiler""]"
fbf39524-9721-4a7d-915d-02e17cf3f5e9,2026-05-15 22:02:31.781+00,property,Apartamento en Torre Sabana Sur,225000,$,"Vendo apartamento en Sabana Sur totalmente amoblado 

Torre de apartamentos con gran cantidad de amenidades

Apto 69 m2 habitables
Garage 20 m2

Piso 25 - Espectaculares vistas

2 habitaciones
2 baños completos
Sala
Comedor
Cocina con muebles
1 estacionamiento

Totalmente equipado (Generando en Airbnb)

Precio $225.000💰 (Negociable)",true,"[""https://mlrglzzxrfvbkucrtffd.supabase.co/storage/v1/object/public/listing-photos/listing-1778882486341-zll1oujrmb9.jpg"",""https://mlrglzzxrfvbkucrtffd.supabase.co/storage/v1/object/public/listing-photos/listing-1778882487848-poc92e64c9r.jpg"",""https://mlrglzzxrfvbkucrtffd.supabase.co/storage/v1/object/public/listing-photos/listing-1778882488536-xflm7j4z35.jpg"",""https://mlrglzzxrfvbkucrtffd.supabase.co/storage/v1/object/public/listing-photos/listing-1778882489378-e79lbh41gev.jpg"",""https://mlrglzzxrfvbkucrtffd.supabase.co/storage/v1/object/public/listing-photos/listing-1778882490159-2lm75v8qz5o.jpg"",""https://mlrglzzxrfvbkucrtffd.supabase.co/storage/v1/object/public/listing-photos/listing-1778882491396-jc9m6b42xab.jpg"",""https://mlrglzzxrfvbkucrtffd.supabase.co/storage/v1/object/public/listing-photos/listing-1778882492418-e0idhqgbggn.jpg"",""https://mlrglzzxrfvbkucrtffd.supabase.co/storage/v1/object/public/listing-photos/listing-1778882493202-z5etppj7wwf.jpg"",""https://mlrglzzxrfvbkucrtffd.supabase.co/storage/v1/object/public/listing-photos/listing-1778882494330-ru3kykbg9h9.jpg"",""https://mlrglzzxrfvbkucrtffd.supabase.co/storage/v1/object/public/listing-photos/listing-1778882495427-j0b3f4h775.jpg"",""https://mlrglzzxrfvbkucrtffd.supabase.co/storage/v1/object/public/listing-photos/listing-1778882496313-ii3q3zqba6.jpg"",""https://mlrglzzxrfvbkucrtffd.supabase.co/storage/v1/object/public/listing-photos/listing-1778882497223-f0f9316ujb7.jpg"",""https://mlrglzzxrfvbkucrtffd.supabase.co/storage/v1/object/public/listing-photos/listing-1778882501442-ikxibfwtz9m.jpg"",""https://mlrglzzxrfvbkucrtffd.supabase.co/storage/v1/object/public/listing-photos/listing-1778882505759-usozux5d6f.jpg"",""https://mlrglzzxrfvbkucrtffd.supabase.co/storage/v1/object/public/listing-photos/listing-1778882510157-5cfr1snwhbg.jpg"",""https://mlrglzzxrfvbkucrtffd.supabase.co/storage/v1/object/public/listing-photos/listing-1778882513912-nsx55peizk9.jpg"",""https://mlrglzzxrfvbkucrtffd.supabase.co/storage/v1/object/public/listing-photos/listing-1778882518007-hlm8d9sph6e.jpg"",""https://mlrglzzxrfvbkucrtffd.supabase.co/storage/v1/object/public/listing-photos/listing-1778882521801-me1d91qu6o8.jpg"",""https://mlrglzzxrfvbkucrtffd.supabase.co/storage/v1/object/public/listing-photos/listing-1778882525104-1dxvkhmuhbq.jpg"",""https://mlrglzzxrfvbkucrtffd.supabase.co/storage/v1/object/public/listing-photos/listing-1778882528576-oistcjsvx7d.jpg"",""https://mlrglzzxrfvbkucrtffd.supabase.co/storage/v1/object/public/listing-photos/listing-1778882531729-201nz8o6g58.jpg"",""https://mlrglzzxrfvbkucrtffd.supabase.co/storage/v1/object/public/listing-photos/listing-1778882534589-m5rz3yc8e2p.jpg"",""https://mlrglzzxrfvbkucrtffd.supabase.co/storage/v1/object/public/listing-photos/listing-1778882537718-26gb6g7pogf.jpg"",""https://mlrglzzxrfvbkucrtffd.supabase.co/storage/v1/object/public/listing-photos/listing-1778882540575-9wdlsakvpb.jpg"",""https://mlrglzzxrfvbkucrtffd.supabase.co/storage/v1/object/public/listing-photos/listing-1778882543576-pd0p83znsmc.jpg"",""https://mlrglzzxrfvbkucrtffd.supabase.co/storage/v1/object/public/listing-photos/listing-1778882546678-yb3chk63x2c.jpg""]","[""Piscina"",""Seguridad 24/7"",""Bar"",""Gimnasio"",""Cowork"",""Área para fiestas"",""Salones de lectura"",""Lavandería"",""Área de gromming""]",Apartamento,Venta,"Mata Redonda, San José, San José",2,2,1,69,null,null,null,null,null,null,San José,San José,Mata Redonda,9.9281,-84.0907,null,null,null,null,null,null,Venta,225000.00,null,null,null,null,null,"[""Venta""]"
bf06db40-80f0-4df7-b135-37d3c9eaeb8f,2026-05-21 22:07:03.839+00,property,Espectacular casa en San Rafael de Heredia,545000,$,"Se vende espectacular casa en San Rafael de Heredia

Hermosas vistas al valle central

Zona montañosa

Terreno 765 m2
Construcción 400 m2

Casa bastante iluminada
Amplios ventanales

Casa de 2 niveles

Primer planta

Sala principal con prevista para chimenea de alcohol 
Comedor
Cocina con amplia alacena
Amplia terraza al jardín con hermosa fuente
Jardín interno iluminado 
Oficina
Una Habitación
Cuarto de pilas
Bodega
Baño completo para visitas
Estacionamiento para 2 vehículos bajo techo con posibilidad de estacionar 5 o 6 vehículos más.
Amplios jardínes

Segunda planta

Amplio lobby, sala de estar o sala de tv.
Espectacular Master room con hermoso Walk-in-Closet y baño completo (Prevista para chimenea de alcohol), cuenta con 2 balcones.
Baño completo para compartir
3 habitaciones secundarias
Bodega.

Hermosas vistas a las montañas y a la ciudad

Precio $545.000 💰 Negociable",true,"[""https://mlrglzzxrfvbkucrtffd.supabase.co/storage/v1/object/public/listing-photos/listing-1779401194044-mtomqneklhr.jpeg"",""https://mlrglzzxrfvbkucrtffd.supabase.co/storage/v1/object/public/listing-photos/listing-1779401195894-076xrglc5qbu.jpeg"",""https://mlrglzzxrfvbkucrtffd.supabase.co/storage/v1/object/public/listing-photos/listing-1779401196615-1eba1sz05ko.jpeg"",""https://mlrglzzxrfvbkucrtffd.supabase.co/storage/v1/object/public/listing-photos/listing-1779401197337-rr4nj9a15p.jpeg"",""https://mlrglzzxrfvbkucrtffd.supabase.co/storage/v1/object/public/listing-photos/listing-1779401198037-9iz8yi4a877.jpeg"",""https://mlrglzzxrfvbkucrtffd.supabase.co/storage/v1/object/public/listing-photos/listing-1779401199067-38zt5o98y03.jpeg"",""https://mlrglzzxrfvbkucrtffd.supabase.co/storage/v1/object/public/listing-photos/listing-1779401199993-ursb1s3c3b8.jpeg"",""https://mlrglzzxrfvbkucrtffd.supabase.co/storage/v1/object/public/listing-photos/listing-1779401200935-dq05xh9kiwn.jpeg"",""https://mlrglzzxrfvbkucrtffd.supabase.co/storage/v1/object/public/listing-photos/listing-1779401201678-7b6xwm1s9no.jpeg"",""https://mlrglzzxrfvbkucrtffd.supabase.co/storage/v1/object/public/listing-photos/listing-1779401202377-5ydxb6zcplh.jpeg"",""https://mlrglzzxrfvbkucrtffd.supabase.co/storage/v1/object/public/listing-photos/listing-1779401202947-wsjwuf0lrci.jpeg"",""https://mlrglzzxrfvbkucrtffd.supabase.co/storage/v1/object/public/listing-photos/listing-1779401203706-wxgl389lif.jpeg"",""https://mlrglzzxrfvbkucrtffd.supabase.co/storage/v1/object/public/listing-photos/listing-1779401205603-z83gsfoduse.jpeg"",""https://mlrglzzxrfvbkucrtffd.supabase.co/storage/v1/object/public/listing-photos/listing-1779401207529-nbes8c0enxj.jpeg"",""https://mlrglzzxrfvbkucrtffd.supabase.co/storage/v1/object/public/listing-photos/listing-1779401209424-lbshmc6c217.jpeg"",""https://mlrglzzxrfvbkucrtffd.supabase.co/storage/v1/object/public/listing-photos/listing-1779401211591-6jbyifisdi4.jpeg"",""https://mlrglzzxrfvbkucrtffd.supabase.co/storage/v1/object/public/listing-photos/listing-1779401213500-wk32amgdvy.jpeg"",""https://mlrglzzxrfvbkucrtffd.supabase.co/storage/v1/object/public/listing-photos/listing-1779401215929-2pi0rfrnuiy.jpeg"",""https://mlrglzzxrfvbkucrtffd.supabase.co/storage/v1/object/public/listing-photos/listing-1779401218190-b24gznenk2j.jpeg"",""https://mlrglzzxrfvbkucrtffd.supabase.co/storage/v1/object/public/listing-photos/listing-1779401220625-dnwehdycqd.jpeg""]","[""Hermosas vistas"",""Zona montañosa"",""Zona de alta plusvalía"",""Excelente iluminación natural"",""Amplios espacios""]",Casa,Venta,"Concepción, San Rafael, Heredia",4,3,2,765,null,null,null,null,null,null,Heredia,San Rafael,Concepción,10.0667,-84.1,null,null,null,null,null,null,Venta,545000.00,null,null,null,null,null,"[""Venta""]"
3a6616b7-9f32-48c5-9627-aee72532eeec,2026-05-21 22:46:46.853+00,property,Hermosa y amplia casa en condominio en Brasil de Santa Ana,230000,$,"Hermosa casa en Brasil de Santa Ana

Condominio

Calles adoquinadas 

Seguridad 24/7, cámaras de seguridad en todo el perímetro 

Cerca de Walmart, Pricesmart, centros comerciales, entre otros.
Fácil acceso a la ruta 27

Terreno 208 m2

Casa de 2 plantas

4 habitaciones (Principal con baño y Walk-in-Closet)
4.5 baños en total
Sala
Comedor
Cocina
Sala de TV
Área de lavado
Garage para 2 vehículos 
Patio trasero con zacate

Amenidades

Piscina
Rancho para actividades
Parque infantil

Precio $230.000 💰",true,"[""https://mlrglzzxrfvbkucrtffd.supabase.co/storage/v1/object/public/listing-photos/listing-1779403544759-h6825kayxas.jpg"",""https://mlrglzzxrfvbkucrtffd.supabase.co/storage/v1/object/public/listing-photos/listing-1779403546490-cu1rnv5fu8.jpg"",""https://mlrglzzxrfvbkucrtffd.supabase.co/storage/v1/object/public/listing-photos/listing-1779403547542-tmi7qw83icd.jpg"",""https://mlrglzzxrfvbkucrtffd.supabase.co/storage/v1/object/public/listing-photos/listing-1779403549479-fwc7loouqfq.jpg"",""https://mlrglzzxrfvbkucrtffd.supabase.co/storage/v1/object/public/listing-photos/listing-1779403551436-9doaucwtxn8.jpg"",""https://mlrglzzxrfvbkucrtffd.supabase.co/storage/v1/object/public/listing-photos/listing-1779403553495-t38ye6w3ix.jpg"",""https://mlrglzzxrfvbkucrtffd.supabase.co/storage/v1/object/public/listing-photos/listing-1779403555446-1cc5k2353el.jpg"",""https://mlrglzzxrfvbkucrtffd.supabase.co/storage/v1/object/public/listing-photos/listing-1779403557499-uf4k922e9hf.jpg"",""https://mlrglzzxrfvbkucrtffd.supabase.co/storage/v1/object/public/listing-photos/listing-1779403559541-5wno2b0v5r3.jpg"",""https://mlrglzzxrfvbkucrtffd.supabase.co/storage/v1/object/public/listing-photos/listing-1779403561542-34iipmrvo6n.jpg"",""https://mlrglzzxrfvbkucrtffd.supabase.co/storage/v1/object/public/listing-photos/listing-1779403563553-ptpxfxqg3oh.jpg"",""https://mlrglzzxrfvbkucrtffd.supabase.co/storage/v1/object/public/listing-photos/listing-1779403565871-i8w2x6iyp4h.jpg"",""https://mlrglzzxrfvbkucrtffd.supabase.co/storage/v1/object/public/listing-photos/listing-1779403568116-hsz36v3yang.jpg"",""https://mlrglzzxrfvbkucrtffd.supabase.co/storage/v1/object/public/listing-photos/listing-1779403570280-i37h6tz4tdd.jpg"",""https://mlrglzzxrfvbkucrtffd.supabase.co/storage/v1/object/public/listing-photos/listing-1779403572498-i7mgufuhl6.jpg"",""https://mlrglzzxrfvbkucrtffd.supabase.co/storage/v1/object/public/listing-photos/listing-1779403574667-onf8mwrjhwe.jpg"",""https://mlrglzzxrfvbkucrtffd.supabase.co/storage/v1/object/public/listing-photos/listing-1779403577044-omdhxup4dyf.jpg"",""https://mlrglzzxrfvbkucrtffd.supabase.co/storage/v1/object/public/listing-photos/listing-1779403579256-3jm8ss3anpd.jpg"",""https://mlrglzzxrfvbkucrtffd.supabase.co/storage/v1/object/public/listing-photos/listing-1779403581563-cnu43h55be5.jpg"",""https://mlrglzzxrfvbkucrtffd.supabase.co/storage/v1/object/public/listing-photos/listing-1779403583793-p5uakrpqst.jpg"",""https://mlrglzzxrfvbkucrtffd.supabase.co/storage/v1/object/public/listing-photos/listing-1779403586453-f9xc3q99zlq.jpg"",""https://mlrglzzxrfvbkucrtffd.supabase.co/storage/v1/object/public/listing-photos/listing-1779403588850-w2jxmmfzf8.jpg"",""https://mlrglzzxrfvbkucrtffd.supabase.co/storage/v1/object/public/listing-photos/listing-1779403591315-0pg7c92h167.jpg"",""https://mlrglzzxrfvbkucrtffd.supabase.co/storage/v1/object/public/listing-photos/listing-1779403593493-o81rdr1l7bi.jpg"",""https://mlrglzzxrfvbkucrtffd.supabase.co/storage/v1/object/public/listing-photos/listing-1779403596664-ohoirt8zxn.jpg"",""https://mlrglzzxrfvbkucrtffd.supabase.co/storage/v1/object/public/listing-photos/listing-1779403600135-fw9ez8pq8d8.jpg"",""https://mlrglzzxrfvbkucrtffd.supabase.co/storage/v1/object/public/listing-photos/listing-1779403603376-7tkt3mt20kc.jpg""]","[""Piscina"",""Seguridad 24/7"",""Parque infantil"",""Canchas""]",Casa,Venta,"Brasil, Santa Ana, San José",4,4,2,208,null,null,null,null,null,null,San José,Santa Ana,Brasil,9.9333,-84.1833,null,null,null,null,null,null,Venta,230000.00,null,null,null,null,null,"[""Venta""]"
57efedef-6f2f-4ad5-b621-d15cb2b5acae,2026-05-29 04:37:05.503+00,car,Camión Hino 300 Año 2019,13000000,₡,"Vendo camión Hino 300

Año 2019

En perfecto estado físico y mecánico

Kilometraje 73.000

Motor 4000 cc Diésel 
Tracción 4X2 
Manual

Precio ₡13.000.000 💰",true,"[""https://mlrglzzxrfvbkucrtffd.supabase.co/storage/v1/object/public/listing-photos/listing-1780029421001-92c6rsjakx4.jpg"",""https://mlrglzzxrfvbkucrtffd.supabase.co/storage/v1/object/public/listing-photos/listing-1780029422494-e3l05fgjc7.jpg"",""https://mlrglzzxrfvbkucrtffd.supabase.co/storage/v1/object/public/listing-photos/listing-1780029423191-vjf3q00gsf.jpg"",""https://mlrglzzxrfvbkucrtffd.supabase.co/storage/v1/object/public/listing-photos/listing-1780029423602-qhw4ok3e5g.jpg"",""https://mlrglzzxrfvbkucrtffd.supabase.co/storage/v1/object/public/listing-photos/listing-1780029424318-bb8nzp1iphq.jpg"",""https://mlrglzzxrfvbkucrtffd.supabase.co/storage/v1/object/public/listing-photos/listing-1780029425139-n5nygcr5sq.jpg""]",[],null,null,null,null,null,null,null,Hino 300,2019,73000,Manual,Diésel,Blanco,null,null,null,null,null,null,null,null,null,null,4000,null,null,null,null,null,null,null,null
017c79fc-1c5d-4674-81b0-bb6257d71cfb,2026-05-22 21:07:11.953+00,property,Hermosa y cómoda casa en San Rafael de Oreamuno Cartago,59500000,₡,"Vendo hermosa y cómoda casa en Oreamuno de Cartago

Ubicada en urbanización, calle sin salida

A 2 km del centro de San Rafael de Oreamuno 

Casa de una sola planta

Sala
Comedor
Cocina con muebles
2 habitaciones (Principal con Walk-in-Closet y ducha abierta)
Garage para 1 vehículo (Posibilidad de hacer doble garage)
Baño completo
Amplio
Amplia área de lavado
Patio trasero con zacate
Terraza
Jardín frontal

Precio de venta ₡59.500.000 💰",true,"[""https://mlrglzzxrfvbkucrtffd.supabase.co/storage/v1/object/public/listing-photos/listing-1779483954193-ius30vtw8ba.jpg"",""https://mlrglzzxrfvbkucrtffd.supabase.co/storage/v1/object/public/listing-photos/listing-1779483959337-6r7p7adiqje.jpg"",""https://mlrglzzxrfvbkucrtffd.supabase.co/storage/v1/object/public/listing-photos/listing-1779483963168-05u0s8lv8fzs.jpg"",""https://mlrglzzxrfvbkucrtffd.supabase.co/storage/v1/object/public/listing-photos/listing-1779483967517-hl2cfnlsack.jpg"",""https://mlrglzzxrfvbkucrtffd.supabase.co/storage/v1/object/public/listing-photos/listing-1779483972030-mcan1in9ok.jpg"",""https://mlrglzzxrfvbkucrtffd.supabase.co/storage/v1/object/public/listing-photos/listing-1779483975649-wgr1uel065a.jpg"",""https://mlrglzzxrfvbkucrtffd.supabase.co/storage/v1/object/public/listing-photos/listing-1779483978950-5j6yqnnz0pf.jpg"",""https://mlrglzzxrfvbkucrtffd.supabase.co/storage/v1/object/public/listing-photos/listing-1779483982221-5xb2vhiiwn6.jpg"",""https://mlrglzzxrfvbkucrtffd.supabase.co/storage/v1/object/public/listing-photos/listing-1779483985471-l444kicdk2h.jpg"",""https://mlrglzzxrfvbkucrtffd.supabase.co/storage/v1/object/public/listing-photos/listing-1779483988774-60k372o8k0x.jpg"",""https://mlrglzzxrfvbkucrtffd.supabase.co/storage/v1/object/public/listing-photos/listing-1779483992432-x5mglx9ffaa.jpg"",""https://mlrglzzxrfvbkucrtffd.supabase.co/storage/v1/object/public/listing-photos/listing-1779483996087-e1sx5w40v7b.jpg"",""https://mlrglzzxrfvbkucrtffd.supabase.co/storage/v1/object/public/listing-photos/listing-1779483999429-lmoo4qkh81.jpg"",""https://mlrglzzxrfvbkucrtffd.supabase.co/storage/v1/object/public/listing-photos/listing-1779484004122-hm74vc7rql.jpg"",""https://mlrglzzxrfvbkucrtffd.supabase.co/storage/v1/object/public/listing-photos/listing-1779484008230-dxfl9cg9vot.jpg"",""https://mlrglzzxrfvbkucrtffd.supabase.co/storage/v1/object/public/listing-photos/listing-1779484011487-i6kfx7pxcoo.jpg"",""https://mlrglzzxrfvbkucrtffd.supabase.co/storage/v1/object/public/listing-photos/listing-1779484015342-jd9nqeuoa4r.jpg"",""https://mlrglzzxrfvbkucrtffd.supabase.co/storage/v1/object/public/listing-photos/listing-1779484018694-95ab2nteuvl.jpg"",""https://mlrglzzxrfvbkucrtffd.supabase.co/storage/v1/object/public/listing-photos/listing-1779484022639-6jqx3tey1fe.jpg"",""https://mlrglzzxrfvbkucrtffd.supabase.co/storage/v1/object/public/listing-photos/listing-1779484026519-b4g8ruyxeu6.jpg""]","[""Calle sin salida"",""Hermosas vistas"",""Zona residencial"",""Precio rebajado""]",Casa,Venta,"San Rafael, Oreamuno, Cartago",2,2,1,150,null,null,null,null,null,null,Cartago,Oreamuno,San Rafael,9.9333,-83.8833,null,null,null,null,null,null,Venta,59500000.00,null,null,null,null,null,"[""Venta""]"
a328b32f-6225-4d65-baff-b43aec2be16f,2026-05-24 23:13:37.502+00,property,Hermoso terreno en San Rafael de Heredia,468600,$,"Vendo hermosa propiedad en Residencial El Castillo Heredia

Terrero de 3905 m2

Ubicacion de lujo

Residencial con alta plusvalía

Actualmente la propiedad tiene una casa en obra gris (No se incluye en el precio)

Con doble frente (Tapia de una lado - Malla del otro)

Cuenta con agua y luz

Precio $468.600 💰 ($120 m2 - Se escuchan ofertas)",true,"[""https://mlrglzzxrfvbkucrtffd.supabase.co/storage/v1/object/public/listing-photos/listing-1779664397876-55byd3017uq.jpg"",""https://mlrglzzxrfvbkucrtffd.supabase.co/storage/v1/object/public/listing-photos/listing-1779664399580-hb4hc7xn2zb.jpg"",""https://mlrglzzxrfvbkucrtffd.supabase.co/storage/v1/object/public/listing-photos/listing-1779664401010-q7tmovnpfyp.jpg"",""https://mlrglzzxrfvbkucrtffd.supabase.co/storage/v1/object/public/listing-photos/listing-1779664401887-93gwvfkfix4.jpg"",""https://mlrglzzxrfvbkucrtffd.supabase.co/storage/v1/object/public/listing-photos/listing-1779664403262-nwvmn5g9n0f.jpg"",""https://mlrglzzxrfvbkucrtffd.supabase.co/storage/v1/object/public/listing-photos/listing-1779664404389-njc5fbnypyn.jpg"",""https://mlrglzzxrfvbkucrtffd.supabase.co/storage/v1/object/public/listing-photos/listing-1779664405211-c7tvqatf6yv.jpg"",""https://mlrglzzxrfvbkucrtffd.supabase.co/storage/v1/object/public/listing-photos/listing-1779664406646-4hz7vr958pr.jpg"",""https://mlrglzzxrfvbkucrtffd.supabase.co/storage/v1/object/public/listing-photos/listing-1779664408081-gkivf6957t.jpg"",""https://mlrglzzxrfvbkucrtffd.supabase.co/storage/v1/object/public/listing-photos/listing-1779664409103-c3pz3ub865.jpg"",""https://mlrglzzxrfvbkucrtffd.supabase.co/storage/v1/object/public/listing-photos/listing-1779664410536-f00mo3s7rxc.jpg"",""https://mlrglzzxrfvbkucrtffd.supabase.co/storage/v1/object/public/listing-photos/listing-1779664411767-afgjck9pa6e.jpg"",""https://mlrglzzxrfvbkucrtffd.supabase.co/storage/v1/object/public/listing-photos/listing-1779664412769-plmm4lb0rl9.jpg"",""https://mlrglzzxrfvbkucrtffd.supabase.co/storage/v1/object/public/listing-photos/listing-1779664413711-jf5pjx0bg7i.jpg"",""https://mlrglzzxrfvbkucrtffd.supabase.co/storage/v1/object/public/listing-photos/listing-1779664414529-gexz2n9kldd.jpg"",""https://mlrglzzxrfvbkucrtffd.supabase.co/storage/v1/object/public/listing-photos/listing-1779664416070-9fq28u4eqnb.jpg""]","[""Seguridad 24/7"",""Zona de alta plusvalía"",""Zona boscosa""]",Terreno,Venta,"Ángeles, San Rafael, Heredia",null,null,null,3905,null,null,null,null,null,null,Heredia,San Rafael,Ángeles,10.0667,-84.1,null,null,null,null,null,null,Venta,468600.00,null,null,null,null,null,"[""Venta""]"
c9e4fe36-34ed-45c9-8219-efe5fc80fc46,2026-05-25 17:50:19.398+00,property,Lote en hermoso condominio en La Guácima,130000,$,"Vendo lote en la Guácima en condominio

Terreno plano de 626 m2

Condominio de alta plusvalía

Disponibilidad de agua y luz
Uso de suelo (Huella constructiva del 35%)

A 5 minutos de Centro Comercial Campero Los Reyes con AutoMercado, Fishel y Libreria International.

Hermosas amenidades

Senderos naturales
Quebrada
Jardines
Fire pit
Juegos infantiles
Casa del árbol
Piscina semi olímpica
Piscinas recreativas
Piscina para niños
2 gimnasios equipados
 Domo yoga
2 canchas de tennis
Canchas multiusos 
Sala de cine
2 sun decks
Terrazas con BBQ
Lounge social
2 casas club

Precio de venta $130.000 💰
Cuota condominal mensual ₡110.000.",true,"[""https://mlrglzzxrfvbkucrtffd.supabase.co/storage/v1/object/public/listing-photos/listing-1779731413891-jt1ne4qbvv.jpg"",""https://mlrglzzxrfvbkucrtffd.supabase.co/storage/v1/object/public/listing-photos/listing-1779731415307-58ia39jbadq.jpg"",""https://mlrglzzxrfvbkucrtffd.supabase.co/storage/v1/object/public/listing-photos/listing-1779731415829-jz02dlhyj1.jpg"",""https://mlrglzzxrfvbkucrtffd.supabase.co/storage/v1/object/public/listing-photos/listing-1779731416637-h77sa8bn4uu.jpg"",""https://mlrglzzxrfvbkucrtffd.supabase.co/storage/v1/object/public/listing-photos/listing-1779731417249-xf0vp1ir6q.jpg"",""https://mlrglzzxrfvbkucrtffd.supabase.co/storage/v1/object/public/listing-photos/listing-1779731417951-j8h1zkac0ym.jpg"",""https://mlrglzzxrfvbkucrtffd.supabase.co/storage/v1/object/public/listing-photos/listing-1779731418475-8tjvwius3j9.jpg""]","[""Senderos Naturales"",""Quebrada"",""Piscina semi olímpica"",""Piscinas recreativas"",""Canchas de tennis"",""Canchas mutiusos"",""Gimnasio""]",Terreno,Venta,"Guácima, Alajuela, Alajuela",null,null,null,626,null,null,null,null,null,null,Alajuela,Alajuela,Guácima,10.0162,-84.2147,null,null,null,null,null,null,Venta,130000.00,null,null,null,null,null,"[""Venta""]"
a35e1548-8c35-438d-830d-d953f46be30b,2026-05-26 22:28:19.906+00,property,Hermosa casa para estrenar en Escazú,138000000,₡,"Vendo hermosa casa para estrenar en Escazú

Para estrenar casa de 2 plantas con finos acabados 

Residencial Privado de alta plusvalía 
Terreno 410 m2
Construcción 215 m2

Rodeada de zonas boscosas.

Primer nivel

Garage para 2 vehículos
Sala con chimenea 
Comedor 
Cocina con muebles
Dos habitaciones (Una con baño completo y walk-in-closet) 
Dos baños completos
Área de lavado independiente
Amplia terraza con zona de BBQ (Incluye parrilla)
Amplia zona verde

Segundo nivel

Principal principal. 
Baño completo con tina, finos acabados.
Balcón con vistas a la montaña.

Precio ₡138.000.000",true,"[""https://mlrglzzxrfvbkucrtffd.supabase.co/storage/v1/object/public/listing-photos/listing-1779834487266-pidu1myb2or.jpeg"",""https://mlrglzzxrfvbkucrtffd.supabase.co/storage/v1/object/public/listing-photos/listing-1779834488486-8zfk1hvdtr.jpeg"",""https://mlrglzzxrfvbkucrtffd.supabase.co/storage/v1/object/public/listing-photos/listing-1779834489490-g0n3pczji3n.jpeg"",""https://mlrglzzxrfvbkucrtffd.supabase.co/storage/v1/object/public/listing-photos/listing-1779834490015-xk6tc49e4tb.jpeg"",""https://mlrglzzxrfvbkucrtffd.supabase.co/storage/v1/object/public/listing-photos/listing-1779834490616-foz12taqq17.jpeg"",""https://mlrglzzxrfvbkucrtffd.supabase.co/storage/v1/object/public/listing-photos/listing-1779834491161-x628ynutpea.jpeg"",""https://mlrglzzxrfvbkucrtffd.supabase.co/storage/v1/object/public/listing-photos/listing-1779834491699-6pjp17k3mjl.jpeg"",""https://mlrglzzxrfvbkucrtffd.supabase.co/storage/v1/object/public/listing-photos/listing-1779834492241-1znko6d8u35.jpeg"",""https://mlrglzzxrfvbkucrtffd.supabase.co/storage/v1/object/public/listing-photos/listing-1779834492965-5vlwuum9d9p.jpeg"",""https://mlrglzzxrfvbkucrtffd.supabase.co/storage/v1/object/public/listing-photos/listing-1779834493538-9fm3nvt1z35.jpeg"",""https://mlrglzzxrfvbkucrtffd.supabase.co/storage/v1/object/public/listing-photos/listing-1779834494353-22tj0848lzh.jpeg"",""https://mlrglzzxrfvbkucrtffd.supabase.co/storage/v1/object/public/listing-photos/listing-1779834495089-q25ikhednu.jpeg"",""https://mlrglzzxrfvbkucrtffd.supabase.co/storage/v1/object/public/listing-photos/listing-1779834495638-bvulzaybzeh.jpeg"",""https://mlrglzzxrfvbkucrtffd.supabase.co/storage/v1/object/public/listing-photos/listing-1779834496309-2o9tfaab9wu.jpeg"",""https://mlrglzzxrfvbkucrtffd.supabase.co/storage/v1/object/public/listing-photos/listing-1779834496883-wphwfo2sxzm.jpeg"",""https://mlrglzzxrfvbkucrtffd.supabase.co/storage/v1/object/public/listing-photos/listing-1779834497412-c1d6kv4kxod.jpeg"",""https://mlrglzzxrfvbkucrtffd.supabase.co/storage/v1/object/public/listing-photos/listing-1779834498083-r57bvogi4b.jpeg"",""https://mlrglzzxrfvbkucrtffd.supabase.co/storage/v1/object/public/listing-photos/listing-1779834498804-cbkaqpzu8a.jpeg"",""https://mlrglzzxrfvbkucrtffd.supabase.co/storage/v1/object/public/listing-photos/listing-1779834499426-8idjn942qqm.jpeg""]","[""Vistas espectaculares"",""Agradable clima fresco"",""Rodeada de vegetación"",""A 5 minutos del centro de Escazú"",""Amplitud y luz natural"",""Finos acabados""]",Casa,Venta,"San Antonio, Escazú, San José",3,3,2,410,null,null,null,null,null,null,San José,Escazú,San Antonio,9.9189,-84.1412,null,null,null,null,null,null,Venta,138000000.00,null,null,null,null,Aplica con crédito bancario,"[""Venta""]"
1e15c4b2-4311-46e3-b709-519d4631f175,2026-05-26 22:56:49.012+00,property,Hermosa finca en Santa Bárbara de Heredia,450000,$,"Vendo hermosa quinta en Santa Barbara de Heredia 

Terreno 9165 m2

Propiedad con 2 casas de habitación
Amplio rancho para actividades 

Variedad de árboles frutales

Bodegas

Plano y escritura al día.

Precio $450.000 💰",true,"[""https://mlrglzzxrfvbkucrtffd.supabase.co/storage/v1/object/public/listing-photos/listing-1779836194849-qzrvbs1ena.jpeg"",""https://mlrglzzxrfvbkucrtffd.supabase.co/storage/v1/object/public/listing-photos/listing-1779836196745-z2tjpidswja.jpeg"",""https://mlrglzzxrfvbkucrtffd.supabase.co/storage/v1/object/public/listing-photos/listing-1779836197637-xx9zw4nihmd.jpeg"",""https://mlrglzzxrfvbkucrtffd.supabase.co/storage/v1/object/public/listing-photos/listing-1779836198376-0jgmkvi8n6gt.jpeg"",""https://mlrglzzxrfvbkucrtffd.supabase.co/storage/v1/object/public/listing-photos/listing-1779836199133-j8s4ofbyi0f.jpeg"",""https://mlrglzzxrfvbkucrtffd.supabase.co/storage/v1/object/public/listing-photos/listing-1779836199925-wd28xc4vbao.jpeg"",""https://mlrglzzxrfvbkucrtffd.supabase.co/storage/v1/object/public/listing-photos/listing-1779836200683-bbdvcqnc1nw.jpeg"",""https://mlrglzzxrfvbkucrtffd.supabase.co/storage/v1/object/public/listing-photos/listing-1779836201574-10jeb13tqw8j.jpeg"",""https://mlrglzzxrfvbkucrtffd.supabase.co/storage/v1/object/public/listing-photos/listing-1779836202295-fh6mogiunaa.jpeg"",""https://mlrglzzxrfvbkucrtffd.supabase.co/storage/v1/object/public/listing-photos/listing-1779836203110-vnpkl2bblhg.jpeg"",""https://mlrglzzxrfvbkucrtffd.supabase.co/storage/v1/object/public/listing-photos/listing-1779836203910-be5ocfy9ayn.jpeg"",""https://mlrglzzxrfvbkucrtffd.supabase.co/storage/v1/object/public/listing-photos/listing-1779836204767-qt7nbb4op4i.jpeg"",""https://mlrglzzxrfvbkucrtffd.supabase.co/storage/v1/object/public/listing-photos/listing-1779836205593-golpg3k5gpt.jpeg"",""https://mlrglzzxrfvbkucrtffd.supabase.co/storage/v1/object/public/listing-photos/listing-1779836206373-yimy7dz55dj.jpeg"",""https://mlrglzzxrfvbkucrtffd.supabase.co/storage/v1/object/public/listing-photos/listing-1779836207085-52sn9u26m9s.jpeg"",""https://mlrglzzxrfvbkucrtffd.supabase.co/storage/v1/object/public/listing-photos/listing-1779836208059-5k1v1ujm2rb.jpeg""]","[""Clima espectacular"",""Rodeado de vegetación"",""Rancho multiusos"",""Ideal para vivir ó vacacionar""]",Finca,Venta,"Santa Bárbara, Santa Bárbara, Heredia",4,3,10,9165,null,null,null,null,null,null,Heredia,Santa Bárbara,Santa Bárbara,10.05,-84.1667,null,null,null,null,null,null,Venta,450000.00,null,null,null,null,Aplica para crédito bancario,"[""Venta""]"
37f7949f-8d10-40a2-9caf-70d5f7d6ae73,2026-05-27 16:48:26.339+00,car,Espectacular Silverado Zr2 año 20222,31000000,₡,"Chevrolet Silverado Zr2

Versión LT3

Año 2022

Tracción 4X4",true,"[""https://mlrglzzxrfvbkucrtffd.supabase.co/storage/v1/object/public/listing-photos/listing-1779900497101-pjddimdowg.jpg"",""https://mlrglzzxrfvbkucrtffd.supabase.co/storage/v1/object/public/listing-photos/listing-1779900498892-hvqverl25m.jpg"",""https://mlrglzzxrfvbkucrtffd.supabase.co/storage/v1/object/public/listing-photos/listing-1779900499861-a7addkukm6s.jpg"",""https://mlrglzzxrfvbkucrtffd.supabase.co/storage/v1/object/public/listing-photos/listing-1779900500684-o7nr1ujb4oo.jpg"",""https://mlrglzzxrfvbkucrtffd.supabase.co/storage/v1/object/public/listing-photos/listing-1779900501429-3147vz0onwr.jpg"",""https://mlrglzzxrfvbkucrtffd.supabase.co/storage/v1/object/public/listing-photos/listing-1779900502240-pk6cuvv0d0l.jpg"",""https://mlrglzzxrfvbkucrtffd.supabase.co/storage/v1/object/public/listing-photos/listing-1779900502948-y6hlwm3fozs.jpg"",""https://mlrglzzxrfvbkucrtffd.supabase.co/storage/v1/object/public/listing-photos/listing-1779900504630-j9rm9ewucqr.jpg"",""https://mlrglzzxrfvbkucrtffd.supabase.co/storage/v1/object/public/listing-photos/listing-1779900505171-9chspgw7vtq.jpg"",""https://mlrglzzxrfvbkucrtffd.supabase.co/storage/v1/object/public/listing-photos/listing-1779900505714-rsyq5ec1z.jpg""]","[""Cobertor de cajón Rough Country"",""Estribos Rough Country"",""Sunroof"",""Cuero""]",null,null,null,null,null,null,null,Chevrolet Silverado,2022,38000,Automática,Gasolina,Azul,null,null,null,null,null,null,null,null,null,null,6200,null,null,null,null,null,null,null,null
5d5a0860-e95e-4199-bc6f-a086c0e75283,2026-05-27 16:40:26.885+00,car,Toyota Hilux 2025 para inscribir,21000000,₡,"En excelente estado físico y mecánico

Para terminar de estrenar

Muy poco uso",true,"[""https://mlrglzzxrfvbkucrtffd.supabase.co/storage/v1/object/public/listing-photos/listing-1779900014323-frxw0slyg5c.jpg"",""https://mlrglzzxrfvbkucrtffd.supabase.co/storage/v1/object/public/listing-photos/listing-1779900016516-xmlb5g1nmo.jpg"",""https://mlrglzzxrfvbkucrtffd.supabase.co/storage/v1/object/public/listing-photos/listing-1779900017422-4wy4zyfc9n9.jpg"",""https://mlrglzzxrfvbkucrtffd.supabase.co/storage/v1/object/public/listing-photos/listing-1779900019106-nd45rlu3ysj.jpg"",""https://mlrglzzxrfvbkucrtffd.supabase.co/storage/v1/object/public/listing-photos/listing-1779900020197-hxh8plsg3w.jpg"",""https://mlrglzzxrfvbkucrtffd.supabase.co/storage/v1/object/public/listing-photos/listing-1779900021670-t2jks3zvxx.jpg"",""https://mlrglzzxrfvbkucrtffd.supabase.co/storage/v1/object/public/listing-photos/listing-1779900022713-gtlarkc2i6.jpg"",""https://mlrglzzxrfvbkucrtffd.supabase.co/storage/v1/object/public/listing-photos/listing-1779900023460-y8gye93ijg.jpg"",""https://mlrglzzxrfvbkucrtffd.supabase.co/storage/v1/object/public/listing-photos/listing-1779900024458-eg7slb5mg8w.jpg"",""https://mlrglzzxrfvbkucrtffd.supabase.co/storage/v1/object/public/listing-photos/listing-1779900025361-wvdo2roe51h.jpg""]","[""Espaciadores 2\"""",""Cuero""]",null,null,null,null,null,null,null,Toyota,2025,23000,Automática,Diésel,Blanco,null,null,null,null,null,null,null,null,null,null,2400,null,null,null,null,null,null,null,null
ffbf2988-2698-4aff-a54e-afa452038f57,2026-05-28 18:40:37.004+00,car,Carreta plana para trailer,14000000,₡,"Vendo carreta plana para trailer

En perfecto estado

Poco uso

Precio ₡14.000.000 💰

Ubicada en Palmares Alajuela",false,"[""https://mlrglzzxrfvbkucrtffd.supabase.co/storage/v1/object/public/listing-photos/listing-1779993631113-iwf66d3smn.jpg"",""https://mlrglzzxrfvbkucrtffd.supabase.co/storage/v1/object/public/listing-photos/listing-1779993631990-mhlcml8c6.jpg"",""https://mlrglzzxrfvbkucrtffd.supabase.co/storage/v1/object/public/listing-photos/listing-1779993633420-g50374pjgr.jpg"",""https://mlrglzzxrfvbkucrtffd.supabase.co/storage/v1/object/public/listing-photos/listing-1779993634036-dm271sxaovv.jpg"",""https://mlrglzzxrfvbkucrtffd.supabase.co/storage/v1/object/public/listing-photos/listing-1779993634651-7e2oyzaly9.jpg"",""https://mlrglzzxrfvbkucrtffd.supabase.co/storage/v1/object/public/listing-photos/listing-1779993635372-ra67s3fjye.jpg"",""https://mlrglzzxrfvbkucrtffd.supabase.co/storage/v1/object/public/listing-photos/listing-1779993635884-j8bfz7mxu5l.jpg"",""https://mlrglzzxrfvbkucrtffd.supabase.co/storage/v1/object/public/listing-photos/listing-1779993636497-a8bxpma0a6m.jpg""]",[],null,null,null,null,null,null,null,Utility,2005,,Automática,Gasolina,,null,null,null,null,null,null,null,null,null,null,,null,null,null,null,null,null,null,null
e108148e-c437-4a24-9031-3890c15c436d,2026-05-28 23:36:38.214+00,property,Hermosa propiedad de 1059 m2 en Ciudad Colón,700000,$,"Vendo hermosa propiedad en Ciudad Colón

Frente a calle principal (Nacional)

Alto potencial comercial

Terreno 1059 m2 (Planos)
Construcción 730 m2

Frente de 30 metros frente a calle principal 

La propiedad consta de:

Casa de habitación de 2 niveles más amplio ático
3 habitaciones amplias

2 apartamentos de 2 habitaciones cada uno

Amplio estacionamiento
Dos ranchos
Sala de juegos
Piscina
Cancha de basket
Amplios jardines

Precio $700.000 💰",true,"[""https://mlrglzzxrfvbkucrtffd.supabase.co/storage/v1/object/public/listing-photos/listing-1780011309320-kbh1a2v9bre.jpg"",""https://mlrglzzxrfvbkucrtffd.supabase.co/storage/v1/object/public/listing-photos/listing-1780011311136-esaxgv7i15b.jpg"",""https://mlrglzzxrfvbkucrtffd.supabase.co/storage/v1/object/public/listing-photos/listing-1780011318350-e858b2mbvx8.jpg"",""https://mlrglzzxrfvbkucrtffd.supabase.co/storage/v1/object/public/listing-photos/listing-1780011326669-63yv58vbq8g.jpg"",""https://mlrglzzxrfvbkucrtffd.supabase.co/storage/v1/object/public/listing-photos/listing-1780011332715-908kfdvyhkf.jpg"",""https://mlrglzzxrfvbkucrtffd.supabase.co/storage/v1/object/public/listing-photos/listing-1780011338600-wq7y68cldy.jpg"",""https://mlrglzzxrfvbkucrtffd.supabase.co/storage/v1/object/public/listing-photos/listing-1780011344748-o49k5holuil.jpg"",""https://mlrglzzxrfvbkucrtffd.supabase.co/storage/v1/object/public/listing-photos/listing-1780011354026-f9tnt6h0m3v.jpg"",""https://mlrglzzxrfvbkucrtffd.supabase.co/storage/v1/object/public/listing-photos/listing-1780011363517-1efdnlbmxlk.jpg"",""https://mlrglzzxrfvbkucrtffd.supabase.co/storage/v1/object/public/listing-photos/listing-1780011370797-7tiorvvqxix.jpg"",""https://mlrglzzxrfvbkucrtffd.supabase.co/storage/v1/object/public/listing-photos/listing-1780011377588-3wvs621kr02.jpg"",""https://mlrglzzxrfvbkucrtffd.supabase.co/storage/v1/object/public/listing-photos/listing-1780011383044-rrew1p6ikyo.jpg"",""https://mlrglzzxrfvbkucrtffd.supabase.co/storage/v1/object/public/listing-photos/listing-1780011390251-nr6jftubwmc.jpg""]","[""Uso de suelo mixto"",""30 metros frente a calle principal"",""Piscina"",""Rancho BBQ"",""Salón de actividades""]",Casa,Venta,"Colón, Mora, San José",7,5,8,1059,null,null,null,null,null,null,San José,Mora,Colón,9.89,-84.28,null,null,null,null,null,null,Venta,700000.00,null,null,null,null,null,"[""Venta""]"
41fbcc0f-6187-41b9-8b9e-477f90b2ba13,2026-05-29 18:52:38.874+00,property,Terreno con hermosas vistas en Cartago,59500000,₡,"Vendo finca de 4333 m2

Ubicada en Higuito de San Isidro del Guarco de Cartago

Vistas espectaculares

Terreno con superficie quebrada (Ideal para terrazas y disfrutar las vistas)

Uso de suelo
Disponibilidad de agua y luz

Frente a calle pública

Precio de oportunidad ₡59.500.000 💰 (Se escuchan ofertas)",true,"[""https://mlrglzzxrfvbkucrtffd.supabase.co/storage/v1/object/public/listing-photos/listing-1780080742059-ed0y8qeuo5w.jpg"",""https://mlrglzzxrfvbkucrtffd.supabase.co/storage/v1/object/public/listing-photos/listing-1780080743210-x57z0s6qyg.jpg"",""https://mlrglzzxrfvbkucrtffd.supabase.co/storage/v1/object/public/listing-photos/listing-1780080745048-trnjfhn6osj.jpg"",""https://mlrglzzxrfvbkucrtffd.supabase.co/storage/v1/object/public/listing-photos/listing-1780080747100-bzfey0vy3tw.jpg"",""https://mlrglzzxrfvbkucrtffd.supabase.co/storage/v1/object/public/listing-photos/listing-1780080749252-5ff7ih1szvm.jpg"",""https://mlrglzzxrfvbkucrtffd.supabase.co/storage/v1/object/public/listing-photos/listing-1780080750995-7mhs5x4b1te.jpg"",""https://mlrglzzxrfvbkucrtffd.supabase.co/storage/v1/object/public/listing-photos/listing-1780080753080-6zkklkrjm74.jpg"",""https://mlrglzzxrfvbkucrtffd.supabase.co/storage/v1/object/public/listing-photos/listing-1780080754779-ue5ax28alpm.jpg"",""https://mlrglzzxrfvbkucrtffd.supabase.co/storage/v1/object/public/listing-photos/listing-1780080756829-0jwu16qqm295.jpg""]","[""Uso de suelo"",""Disponibilidad de agua"",""Disponibilidad de luz"",""Frente a calle principal""]",Terreno,Venta,"San Isidro, El Guarco, Cartago",null,null,null,4333,null,null,null,null,null,null,Cartago,El Guarco,San Isidro,9.8167,-83.9833,null,null,null,null,null,null,Venta,59500000.00,null,null,null,null,null,"[""Venta""]"
b5343032-b7a7-4e09-afd0-8a1546eb9797,2026-05-25 22:18:57.256+00,property,Lujoso apartamento en Escazú,157500,$,"Vendo y/o alquilo hermoso apartamento en Escazú

Torre de apartamentos en Bello Horizonte 

Ubicado en un sexto piso

Vistas espectaculares

2 habitaciones
2 baños completos
Sala
Comedor
Cocina con muebles
Área de lavado
Un estacionamiento

Piscina
Rancho BBQ

Precio de venta $157.500 💰
Cuota condominal $255 mensuales.

Alquiler mensual $1450 💰 (Incluye la cuota condominal)",true,"[""https://mlrglzzxrfvbkucrtffd.supabase.co/storage/v1/object/public/listing-photos/listing-1779747497258-mgo079ljrcj.jpg"",""https://mlrglzzxrfvbkucrtffd.supabase.co/storage/v1/object/public/listing-photos/listing-1779747499725-riesyl8pdfp.jpg"",""https://mlrglzzxrfvbkucrtffd.supabase.co/storage/v1/object/public/listing-photos/listing-1779747501577-2nfyat1b98c.jpg"",""https://mlrglzzxrfvbkucrtffd.supabase.co/storage/v1/object/public/listing-photos/listing-1779747503572-lhojoy0ctyf.jpg"",""https://mlrglzzxrfvbkucrtffd.supabase.co/storage/v1/object/public/listing-photos/listing-1779747505274-gcmjtnmp28g.jpg"",""https://mlrglzzxrfvbkucrtffd.supabase.co/storage/v1/object/public/listing-photos/listing-1779747507257-7s3hchl65rg.jpg"",""https://mlrglzzxrfvbkucrtffd.supabase.co/storage/v1/object/public/listing-photos/listing-1779747509220-enpc8b43s3k.jpg"",""https://mlrglzzxrfvbkucrtffd.supabase.co/storage/v1/object/public/listing-photos/listing-1779747511088-vger8m11ier.jpg"",""https://mlrglzzxrfvbkucrtffd.supabase.co/storage/v1/object/public/listing-photos/listing-1779747512840-hu0b1a6nv6.jpg""]","[""Piscina"",""Rancho BBQ"",""Seguridad 24/7"",""Vistas espectaculares""]",Apartamento,Venta,"Escazú, Escazú, San José",2,2,1,70,null,null,null,null,null,null,San José,Escazú,Escazú,9.9189,-84.1412,null,null,null,null,null,null,Venta y Alquiler,157500.00,1450.00,null,null,null,null,"[""Venta"",""Alquiler""]"
7d7175bd-570d-45f8-9d97-ebe8cf1c5044,2026-06-04 03:21:51.857+00,property,Hermosa casa con acabados de lujo en Palmares,850000,$,"Vendo espectacular casa en Palmares

Acabados de lujo

Terreno 700 m2
Construcción 600 m2

En exclusiva zona de Palmares, privacidad, seguridad y alta plusvalía.

Casa en 2 niveles

4 habitaciones (Principal de 60 m2 con baño completo y walk-in-closet) 
4.5 baños
Cocina grande integrada cin comedor en área exterior
Amplia sala de estar
Dos salas de tv (Una interior y otra exterior)
Piscina con terraza y BBQ
Garage para 2 vehículos

Cuarto de lavado
Espacio para gimnasio u oficina
Amplias zonas verdes

Apartamento adicional independiente

Sala
Comedor
Cocina
1 habitación
1 baño completo

Extras

Paneles solares
Tanque de agua con bomba presurizada
Tapias altas en todo el perimetro
Cerca eléctrica perimetral
Portones eléctricos
Cámaras de seguridad y llavines inteligentes

Precio de venta $850.000 💰",true,"[""https://mlrglzzxrfvbkucrtffd.supabase.co/storage/v1/object/public/listing-photos/listing-1780543297828-ukhozlkuyt.jpg"",""https://mlrglzzxrfvbkucrtffd.supabase.co/storage/v1/object/public/listing-photos/listing-1780543299057-5xwefn4uxze.jpg"",""https://mlrglzzxrfvbkucrtffd.supabase.co/storage/v1/object/public/listing-photos/listing-1780543299770-1vgfjbykbyd.jpg"",""https://mlrglzzxrfvbkucrtffd.supabase.co/storage/v1/object/public/listing-photos/listing-1780543300592-pgqpdvekuv.jpg"",""https://mlrglzzxrfvbkucrtffd.supabase.co/storage/v1/object/public/listing-photos/listing-1780543300998-kjh1wcgnyej.jpg"",""https://mlrglzzxrfvbkucrtffd.supabase.co/storage/v1/object/public/listing-photos/listing-1780543301518-90vorju0b2.jpg"",""https://mlrglzzxrfvbkucrtffd.supabase.co/storage/v1/object/public/listing-photos/listing-1780543302462-jy57no1mdyg.jpg"",""https://mlrglzzxrfvbkucrtffd.supabase.co/storage/v1/object/public/listing-photos/listing-1780543303252-uqxkw66n61a.jpg"",""https://mlrglzzxrfvbkucrtffd.supabase.co/storage/v1/object/public/listing-photos/listing-1780543303764-dvyxen2cmwm.jpg"",""https://mlrglzzxrfvbkucrtffd.supabase.co/storage/v1/object/public/listing-photos/listing-1780543304274-boos2tbnpdo.jpg"",""https://mlrglzzxrfvbkucrtffd.supabase.co/storage/v1/object/public/listing-photos/listing-1780543304663-p97bbwflq89.jpg"",""https://mlrglzzxrfvbkucrtffd.supabase.co/storage/v1/object/public/listing-photos/listing-1780543305197-zlt3r2tqvz.jpg"",""https://mlrglzzxrfvbkucrtffd.supabase.co/storage/v1/object/public/listing-photos/listing-1780543305816-eyquvh5nbzc.jpg"",""https://mlrglzzxrfvbkucrtffd.supabase.co/storage/v1/object/public/listing-photos/listing-1780543306324-i50i57ui27q.jpg"",""https://mlrglzzxrfvbkucrtffd.supabase.co/storage/v1/object/public/listing-photos/listing-1780543306834-dfi43eytqb9.jpg"",""https://mlrglzzxrfvbkucrtffd.supabase.co/storage/v1/object/public/listing-photos/listing-1780543307245-mq24j5zzaoi.jpg"",""https://mlrglzzxrfvbkucrtffd.supabase.co/storage/v1/object/public/listing-photos/listing-1780543307758-dr2e2so2u0j.jpg"",""https://mlrglzzxrfvbkucrtffd.supabase.co/storage/v1/object/public/listing-photos/listing-1780543308272-qj6flwc6qi.jpg"",""https://mlrglzzxrfvbkucrtffd.supabase.co/storage/v1/object/public/listing-photos/listing-1780543308782-n1w7q45ybn.jpg"",""https://mlrglzzxrfvbkucrtffd.supabase.co/storage/v1/object/public/listing-photos/listing-1780543309399-q6pg5bjtqts.jpg"",""https://mlrglzzxrfvbkucrtffd.supabase.co/storage/v1/object/public/listing-photos/listing-1780543309906-un12nwnoqr.jpg"",""https://mlrglzzxrfvbkucrtffd.supabase.co/storage/v1/object/public/listing-photos/listing-1780543310624-akp1oty68d.jpg"",""https://mlrglzzxrfvbkucrtffd.supabase.co/storage/v1/object/public/listing-photos/listing-1780543311341-imt6b4yxjs.jpg""]","[""Piscina privada"",""Rancho BBQ"",""Terraza"",""Apto independiente"",""Paneles solares"",""Cerca eléctrica perimetral"",""Cámaras de seguridad"",""Llavines inteligentes""]",Casa,Venta,"Palmares, Palmares, Alajuela",5,5,3,700,null,null,null,null,null,null,Alajuela,Palmares,Palmares,10.0622,-84.4317,null,null,null,null,null,null,Venta,850000.00,null,null,null,null,null,"[""Venta""]"
a4f34674-2eab-429c-aebd-38f7f92f97cf,2026-06-05 18:33:52.893+00,property,Hermosa casa en condominio en Trejos Montealegre,335000,$,"Vendo hermosa y amplia casa en Escazú

Condominio pequeño de solo 6 casas

Trejos Montealegre (Cerca de Avenida Escazú) 

Terreno 155 m2
Construcción 311 m2

Casa de 2 niveles

3 habitaciones master (Cada una con baño completo y walk-in-closet)
Cuarto de servicio amplio con baño completo
En total son 4.5 baños
Sala de TV grande
Sala de estar
Amplio comedor
Cocina con sobre de granito y desayunador
Balcón
Patio mediano
Parqueo para 5 vehículos (Dos de ellos bajo techo) 

Techos altos 
Aire acondicionado
Bodega
Amplias zonas verdes (Zona en común)
Playground

Precio de venta $335.000 💰(Cuota condominal mensual ₡375.000)",true,"[""https://mlrglzzxrfvbkucrtffd.supabase.co/storage/v1/object/public/listing-photos/listing-1780684352434-pfzbayv0o2.jpg"",""https://mlrglzzxrfvbkucrtffd.supabase.co/storage/v1/object/public/listing-photos/listing-1780684355520-1vt37fzjah.jpg"",""https://mlrglzzxrfvbkucrtffd.supabase.co/storage/v1/object/public/listing-photos/listing-1780684358231-k529lsq67oa.jpg"",""https://mlrglzzxrfvbkucrtffd.supabase.co/storage/v1/object/public/listing-photos/listing-1780684360795-ufqdug7x4u9.jpg"",""https://mlrglzzxrfvbkucrtffd.supabase.co/storage/v1/object/public/listing-photos/listing-1780684364484-gsp6rnlufxb.png"",""https://mlrglzzxrfvbkucrtffd.supabase.co/storage/v1/object/public/listing-photos/listing-1780684368667-3uxh6gwy6wc.jpg"",""https://mlrglzzxrfvbkucrtffd.supabase.co/storage/v1/object/public/listing-photos/listing-1780684370133-zxtub6gx9q.jpg"",""https://mlrglzzxrfvbkucrtffd.supabase.co/storage/v1/object/public/listing-photos/listing-1780684372051-s1gmkwnj3o.jpg"",""https://mlrglzzxrfvbkucrtffd.supabase.co/storage/v1/object/public/listing-photos/listing-1780684373901-p4gzoltpkih.jpg"",""https://mlrglzzxrfvbkucrtffd.supabase.co/storage/v1/object/public/listing-photos/listing-1780684375950-4dzizzq2ctu.jpg"",""https://mlrglzzxrfvbkucrtffd.supabase.co/storage/v1/object/public/listing-photos/listing-1780684377591-wajltxqosig.jpg"",""https://mlrglzzxrfvbkucrtffd.supabase.co/storage/v1/object/public/listing-photos/listing-1780684379536-25paiv5702i.jpg"",""https://mlrglzzxrfvbkucrtffd.supabase.co/storage/v1/object/public/listing-photos/listing-1780684381889-asjtqdwbqgm.jpg"",""https://mlrglzzxrfvbkucrtffd.supabase.co/storage/v1/object/public/listing-photos/listing-1780684383742-pv1xu998pre.jpg"",""https://mlrglzzxrfvbkucrtffd.supabase.co/storage/v1/object/public/listing-photos/listing-1780684385685-4rfk8t2mtx3.jpg"",""https://mlrglzzxrfvbkucrtffd.supabase.co/storage/v1/object/public/listing-photos/listing-1780684387936-dumyvnffbdd.jpg"",""https://mlrglzzxrfvbkucrtffd.supabase.co/storage/v1/object/public/listing-photos/listing-1780684389675-yiau2eq9x8.jpg"",""https://mlrglzzxrfvbkucrtffd.supabase.co/storage/v1/object/public/listing-photos/listing-1780684391821-do7t5amzg8k.jpg"",""https://mlrglzzxrfvbkucrtffd.supabase.co/storage/v1/object/public/listing-photos/listing-1780684393463-wjdi4uuznsg.jpg"",""https://mlrglzzxrfvbkucrtffd.supabase.co/storage/v1/object/public/listing-photos/listing-1780684395306-ec94eb5hdoe.jpg"",""https://mlrglzzxrfvbkucrtffd.supabase.co/storage/v1/object/public/listing-photos/listing-1780684397248-ha1294o5ikr.jpg"",""https://mlrglzzxrfvbkucrtffd.supabase.co/storage/v1/object/public/listing-photos/listing-1780684399708-unm017qiiv.jpg"",""https://mlrglzzxrfvbkucrtffd.supabase.co/storage/v1/object/public/listing-photos/listing-1780684401829-ms8zmskc5so.jpg"",""https://mlrglzzxrfvbkucrtffd.supabase.co/storage/v1/object/public/listing-photos/listing-1780684404767-2ww2o29e0wc.jpg"",""https://mlrglzzxrfvbkucrtffd.supabase.co/storage/v1/object/public/listing-photos/listing-1780684406770-ne6l6kvvp7e.jpg"",""https://mlrglzzxrfvbkucrtffd.supabase.co/storage/v1/object/public/listing-photos/listing-1780684409641-10lqer57gusi.png"",""https://mlrglzzxrfvbkucrtffd.supabase.co/storage/v1/object/public/listing-photos/listing-1780684412815-gfjfa3ah389.png"",""https://mlrglzzxrfvbkucrtffd.supabase.co/storage/v1/object/public/listing-photos/listing-1780684416394-ypcui3kirc.png"",""https://mlrglzzxrfvbkucrtffd.supabase.co/storage/v1/object/public/listing-photos/listing-1780684419985-r1ao1oe0cg.png"",""https://mlrglzzxrfvbkucrtffd.supabase.co/storage/v1/object/public/listing-photos/listing-1780684425204-qk7uuaooloc.png"",""https://mlrglzzxrfvbkucrtffd.supabase.co/storage/v1/object/public/listing-photos/listing-1780684428992-k5smxjxg5t8.png""]","[""Seguridad 24/7"",""Cerca de Avenida Escazú"",""Tres habitaciones master"",""Amplio estacionamiento""]",Casa,Venta,"San Rafael, Escazú, San José",4,4,5,null,null,null,null,null,null,null,San José,Escazú,San Rafael,9.9189,-84.1412,null,null,null,null,null,null,Venta,335000.00,null,null,null,null,Cuota Condiminal mensual ₡375.000,"[""Venta""]"
05f78f80-f56d-4cd6-942d-88e07e63402e,2026-06-08 00:49:31.198+00,property,Alquilo hermosa propiedad en Santa Ana (Ideal para oficinas),2200,$,"Alquilo hermosa propiedad en Santa Ana para comercio o servicios

Ideal para veterinaria, clínica estética, consultorios médicos entre otros

Excelente ubicación en Piedades, zona de alto tránsito y fácil acceso

Propiedad de una sola planta con amplias zonas verdes 
 
Totalmente remodelada

Terreno 507 m2
Construcción 128 m2

Distribución

Recibidor
3 oficinas independientes
1 baño
Área de cocina
Amplio patio con zonas verdes

Incluye

4 aires acondicionados nuevos
Sistema de alarma
Cámaras de seguridad

Alquiler mensual $2.200 💰(Mismo monto de depósito en un solo tracto)",true,"[""https://mlrglzzxrfvbkucrtffd.supabase.co/storage/v1/object/public/listing-photos/listing-1780879764531-l4v6qlc4fh.jpg"",""https://mlrglzzxrfvbkucrtffd.supabase.co/storage/v1/object/public/listing-photos/listing-1780879765614-gw4943rdl04.jpg"",""https://mlrglzzxrfvbkucrtffd.supabase.co/storage/v1/object/public/listing-photos/listing-1780879765958-6guf3h7webj.jpg"",""https://mlrglzzxrfvbkucrtffd.supabase.co/storage/v1/object/public/listing-photos/listing-1780879766676-ovohn85lloi.jpg"",""https://mlrglzzxrfvbkucrtffd.supabase.co/storage/v1/object/public/listing-photos/listing-1780879767187-jpcave09uo.jpg"",""https://mlrglzzxrfvbkucrtffd.supabase.co/storage/v1/object/public/listing-photos/listing-1780879767729-fomynma47k7.jpg"",""https://mlrglzzxrfvbkucrtffd.supabase.co/storage/v1/object/public/listing-photos/listing-1780879768210-ghv0z4j6ifk.jpg"",""https://mlrglzzxrfvbkucrtffd.supabase.co/storage/v1/object/public/listing-photos/listing-1780879768620-ks96gnov54g.jpg"",""https://mlrglzzxrfvbkucrtffd.supabase.co/storage/v1/object/public/listing-photos/listing-1780879769088-spbvqj6fnp.jpg"",""https://mlrglzzxrfvbkucrtffd.supabase.co/storage/v1/object/public/listing-photos/listing-1780879769847-po18dzzfwja.jpg"",""https://mlrglzzxrfvbkucrtffd.supabase.co/storage/v1/object/public/listing-photos/listing-1780879770259-pczmi0px9fb.jpg"",""https://mlrglzzxrfvbkucrtffd.supabase.co/storage/v1/object/public/listing-photos/listing-1780879770673-td4v9ugoigs.jpg""]","[""Aire acondicionado"",""Sistema de alarma"",""Cámaras de seguridad"",""Amplias zonas verdes"",""Uso de suelo mixto""]",Casa,Alquiler,"Piedades, Santa Ana, San José",3,1,2,507,null,null,null,null,null,null,San José,Santa Ana,Piedades,9.9333,-84.1833,null,null,null,null,null,null,Alquiler,null,2200.00,null,null,null,null,"[""Alquiler""]"
ad3d83aa-d182-48f0-a056-47ccd7e1cb61,2026-06-09 23:17:57.647+00,property,Edificio para oficinas en excelente ubicación,495000,$,"Vendo edificio en Plaza Viquez

Excelente ubicación 

Area 540 m2

Parqueo interno para 6 vehículos.
15 oficinas abiertas y cerradas
Area de recepción
2 bodegas con portón de seguridad
3 baños completos y 3 medio baños (Incluye baño ley 7.600)
Cámaras de Seguridad
Alarma
Portones eléctricos para estacionamiento
Central telefónica
Area de bodegas
Area de cafetería y servicio

Precio de venta $495.000 💰 ( Financiamiento propio)",true,"[""https://mlrglzzxrfvbkucrtffd.supabase.co/storage/v1/object/public/listing-photos/listing-1781047070023-4dmng0f068u.jpg"",""https://mlrglzzxrfvbkucrtffd.supabase.co/storage/v1/object/public/listing-photos/listing-1781047071650-s2m7vr1rqvr.jpg"",""https://mlrglzzxrfvbkucrtffd.supabase.co/storage/v1/object/public/listing-photos/listing-1781047072287-zjc79vkfwn.jpg"",""https://mlrglzzxrfvbkucrtffd.supabase.co/storage/v1/object/public/listing-photos/listing-1781047072815-6ueoe1u3nxd.jpg"",""https://mlrglzzxrfvbkucrtffd.supabase.co/storage/v1/object/public/listing-photos/listing-1781047073418-y57q0ytrzv.jpg"",""https://mlrglzzxrfvbkucrtffd.supabase.co/storage/v1/object/public/listing-photos/listing-1781047074008-lxh1grem7k9.jpg"",""https://mlrglzzxrfvbkucrtffd.supabase.co/storage/v1/object/public/listing-photos/listing-1781047074649-9jqkoo7di2w.jpg"",""https://mlrglzzxrfvbkucrtffd.supabase.co/storage/v1/object/public/listing-photos/listing-1781047075177-71mjbchzali.jpg"",""https://mlrglzzxrfvbkucrtffd.supabase.co/storage/v1/object/public/listing-photos/listing-1781047075910-9a5kvua8ngq.jpg"",""https://mlrglzzxrfvbkucrtffd.supabase.co/storage/v1/object/public/listing-photos/listing-1781047076479-43eiqyhz0vc.jpg"",""https://mlrglzzxrfvbkucrtffd.supabase.co/storage/v1/object/public/listing-photos/listing-1781047077062-eyu2h0eewbw.jpg""]","[""Financiamiento""]",Edificio,Venta,"Catedral, San José, San José",null,null,null,540,null,null,null,null,null,null,San José,San José,Catedral,9.9281,-84.0907,null,null,null,null,null,null,Venta,495000.00,null,null,null,null,null,"[""Venta""]"
910c0147-2898-45bf-9ab6-54d958b6bb37,2026-06-10 00:14:19.099+00,property,Amplio edificio con excelente ubicación en San José,1900000,$,"Vendo y/o alquilo edificio en excelente zona de San José

Terreno 1118 m2
Construcción 1790 m2
Parqueo 376 m2

Edificio de 3 pisos

Amplio parqueo con 23 estacionamientos.
El edificio ofrece 18 unidades de condominios (oficinas) y 25 baños.
Área de recepción
Cuenta con una acometida instalada de 60 pares telefónicos.
Disponibilidad completa de fibra óptica. 
Cuenta con dos tanques de captación con sus respectivas bombas hidroneumaticas.
Portón eléctrico de acceso.
Verjas y cortinas metálicas de protección.

Precio de venta $1.900.000 💰
Precio de alquiler mensual ₡7.200.000 💰 (Igual monto de depósito)",true,"[""https://mlrglzzxrfvbkucrtffd.supabase.co/storage/v1/object/public/listing-photos/listing-1781050743954-2k8q6qhnbil.jpg"",""https://mlrglzzxrfvbkucrtffd.supabase.co/storage/v1/object/public/listing-photos/listing-1781050745600-f47kj2wjqlu.jpg"",""https://mlrglzzxrfvbkucrtffd.supabase.co/storage/v1/object/public/listing-photos/listing-1781050746119-jjx42hzn76.jpg"",""https://mlrglzzxrfvbkucrtffd.supabase.co/storage/v1/object/public/listing-photos/listing-1781050746593-bk7d7ejhojr.jpg"",""https://mlrglzzxrfvbkucrtffd.supabase.co/storage/v1/object/public/listing-photos/listing-1781050747039-alx99stmos4.jpg"",""https://mlrglzzxrfvbkucrtffd.supabase.co/storage/v1/object/public/listing-photos/listing-1781050747564-tqpq9nkh1x.jpg"",""https://mlrglzzxrfvbkucrtffd.supabase.co/storage/v1/object/public/listing-photos/listing-1781050748119-h0ru4hbaxp.jpg"",""https://mlrglzzxrfvbkucrtffd.supabase.co/storage/v1/object/public/listing-photos/listing-1781050748903-4jsbiohhqe.jpg"",""https://mlrglzzxrfvbkucrtffd.supabase.co/storage/v1/object/public/listing-photos/listing-1781050749430-m4vr16m9ha.jpg"",""https://mlrglzzxrfvbkucrtffd.supabase.co/storage/v1/object/public/listing-photos/listing-1781050749928-txuk477uq3.jpg"",""https://mlrglzzxrfvbkucrtffd.supabase.co/storage/v1/object/public/listing-photos/listing-1781050750628-e7sfcftexae.jpg"",""https://mlrglzzxrfvbkucrtffd.supabase.co/storage/v1/object/public/listing-photos/listing-1781050751335-6zxy02qg91l.jpg""]","[""Amplio estacionamiento"",""Excelente ubicación""]",Edificio,Venta,"Catedral, San José, San José",null,null,null,2166,null,null,null,null,null,null,San José,San José,Catedral,9.9281,-84.0907,null,null,null,null,null,null,Venta y Alquiler,1900000.00,15500.00,null,null,null,null,"[""Venta"",""Alquiler""]"
0dafc38d-e2d9-4304-821c-85a2d8523be8,2026-06-10 23:16:40.406+00,property,Propiedad con cuatro apartamentos,110000000,₡,"Vendo propiedad esquinera en San Diego de la Unión

Propiedad con 4 apartamentos (Necesita remodelación en algunas partes)

Excelente ubicación

Cerca de Terramall, fácil acceso a la Florencio del Castillo, fácil acceso a Pinares de Curridabat.

Terreno esquinero de 187 m2
Construcción 245 m2

Planta baja

Apartamento de 2 habitaciones con estacionamiento
Apartamento tipo estudio

Planta alta

Apartamento de 3 habitaciones con estacionamiento
Apartamento tipo estudio (Necesita remodelación)

Toda la parte exterior neesitas trabajos.

Precio ₡110.000.000 💰(Se escucha ofertas)",true,"[""https://mlrglzzxrfvbkucrtffd.supabase.co/storage/v1/object/public/listing-photos/listing-1781133389258-cldmt6kefp.jpeg"",""https://mlrglzzxrfvbkucrtffd.supabase.co/storage/v1/object/public/listing-photos/listing-1781133390373-9jmjmyaf54o.jpeg"",""https://mlrglzzxrfvbkucrtffd.supabase.co/storage/v1/object/public/listing-photos/listing-1781133390880-di2aunm6jbe.jpeg"",""https://mlrglzzxrfvbkucrtffd.supabase.co/storage/v1/object/public/listing-photos/listing-1781133391391-d92r7rq8rcf.jpeg"",""https://mlrglzzxrfvbkucrtffd.supabase.co/storage/v1/object/public/listing-photos/listing-1781133391904-7tjokxcmmep.jpeg"",""https://mlrglzzxrfvbkucrtffd.supabase.co/storage/v1/object/public/listing-photos/listing-1781133392362-1h7qtz1h187.jpeg"",""https://mlrglzzxrfvbkucrtffd.supabase.co/storage/v1/object/public/listing-photos/listing-1781133392722-ier9f2ebjr.jpeg"",""https://mlrglzzxrfvbkucrtffd.supabase.co/storage/v1/object/public/listing-photos/listing-1781133393132-9kmi7nmhtuq.jpeg"",""https://mlrglzzxrfvbkucrtffd.supabase.co/storage/v1/object/public/listing-photos/listing-1781133393541-1c37cp2zwq6.jpeg"",""https://mlrglzzxrfvbkucrtffd.supabase.co/storage/v1/object/public/listing-photos/listing-1781133394053-l4y0eoer1eq.jpeg"",""https://mlrglzzxrfvbkucrtffd.supabase.co/storage/v1/object/public/listing-photos/listing-1781133394463-8qlm7mm8v8s.jpeg"",""https://mlrglzzxrfvbkucrtffd.supabase.co/storage/v1/object/public/listing-photos/listing-1781133394872-3ax6oaeyzs.jpeg"",""https://mlrglzzxrfvbkucrtffd.supabase.co/storage/v1/object/public/listing-photos/listing-1781133395282-lnwsanz1skj.jpeg"",""https://mlrglzzxrfvbkucrtffd.supabase.co/storage/v1/object/public/listing-photos/listing-1781133395712-q6pd1oazlq.jpeg"",""https://mlrglzzxrfvbkucrtffd.supabase.co/storage/v1/object/public/listing-photos/listing-1781133396203-8x3z31j8lf.jpeg"",""https://mlrglzzxrfvbkucrtffd.supabase.co/storage/v1/object/public/listing-photos/listing-1781133396554-oh2kirpy0o.jpeg"",""https://mlrglzzxrfvbkucrtffd.supabase.co/storage/v1/object/public/listing-photos/listing-1781133397024-zd0ir66glm.jpeg"",""https://mlrglzzxrfvbkucrtffd.supabase.co/storage/v1/object/public/listing-photos/listing-1781133397433-3ngmx3zg7qg.jpeg"",""https://mlrglzzxrfvbkucrtffd.supabase.co/storage/v1/object/public/listing-photos/listing-1781133397842-2plvo07alwk.jpeg"",""https://mlrglzzxrfvbkucrtffd.supabase.co/storage/v1/object/public/listing-photos/listing-1781133398355-0al6is2xbi26.jpeg"",""https://mlrglzzxrfvbkucrtffd.supabase.co/storage/v1/object/public/listing-photos/listing-1781133398764-z9ucx91gan.jpeg"",""https://mlrglzzxrfvbkucrtffd.supabase.co/storage/v1/object/public/listing-photos/listing-1781133399173-srtcv7gqqck.jpeg"",""https://mlrglzzxrfvbkucrtffd.supabase.co/storage/v1/object/public/listing-photos/listing-1781133399583-k3ifzdhkb2.jpeg"",""https://mlrglzzxrfvbkucrtffd.supabase.co/storage/v1/object/public/listing-photos/listing-1781133400006-yish16ebczn.jpeg""]","[""Propiedad esquinera"",""Excelente ubicación"",""Zona muy segura"",""Ideal para inversión""]",Edificio,Venta,"San Diego, La Unión, Cartago",7,3,4,187,null,null,null,null,null,null,Cartago,La Unión,San Diego,9.9028,-83.99,null,null,null,null,null,null,Venta,110000000.00,null,null,null,null,null,"[""Venta""]"
dafcd431-971a-4418-a491-c7843c77dc2c,2026-06-10 23:51:58.005+00,property,Espectacular terreno en lujoso condominio,149900000,₡,"Vendo lote de 1260 m2 en condominio en La Unión

Lote esquinero, completamente plano

Zona de condominios de alta plusvalía

Cerca de los principales centros comerciales y escuelas privadas de la zona

Dos anillos de seguridad 24/7
Calles adoquinadas
Electrificación subterránea
Cierre perimetral

Amenidades

Cancha sintética
Zona infantil
Parques con amplias zonas verdes y senderos

Precio de venta ₡149.900.000 💰",true,"[""https://mlrglzzxrfvbkucrtffd.supabase.co/storage/v1/object/public/listing-photos/listing-1781135501976-6fm9av77lpl.jpg"",""https://mlrglzzxrfvbkucrtffd.supabase.co/storage/v1/object/public/listing-photos/listing-1781135503173-nqwxomb16pm.jpg"",""https://mlrglzzxrfvbkucrtffd.supabase.co/storage/v1/object/public/listing-photos/listing-1781135503561-7u2w2df8ubv.jpg"",""https://mlrglzzxrfvbkucrtffd.supabase.co/storage/v1/object/public/listing-photos/listing-1781135503972-mevlq1kbgvk.jpg"",""https://mlrglzzxrfvbkucrtffd.supabase.co/storage/v1/object/public/listing-photos/listing-1781135504483-1tuumxaz80p.jpg"",""https://mlrglzzxrfvbkucrtffd.supabase.co/storage/v1/object/public/listing-photos/listing-1781135505715-3vbdktdgdbr.jpg"",""https://mlrglzzxrfvbkucrtffd.supabase.co/storage/v1/object/public/listing-photos/listing-1781135506576-pr9qxmd2d9c.jpg"",""https://mlrglzzxrfvbkucrtffd.supabase.co/storage/v1/object/public/listing-photos/listing-1781135507661-aig84n4wex6.jpg"",""https://mlrglzzxrfvbkucrtffd.supabase.co/storage/v1/object/public/listing-photos/listing-1781135508586-cnay37n44aa.jpg"",""https://mlrglzzxrfvbkucrtffd.supabase.co/storage/v1/object/public/listing-photos/listing-1781135509606-0ayv82vjz4n7.jpg"",""https://mlrglzzxrfvbkucrtffd.supabase.co/storage/v1/object/public/listing-photos/listing-1781135510838-wvjysb79bi.jpg"",""https://mlrglzzxrfvbkucrtffd.supabase.co/storage/v1/object/public/listing-photos/listing-1781135511859-qpbdg6gqi4.jpg"",""https://mlrglzzxrfvbkucrtffd.supabase.co/storage/v1/object/public/listing-photos/listing-1781135512986-8ynhcgadnp6.jpg"",""https://mlrglzzxrfvbkucrtffd.supabase.co/storage/v1/object/public/listing-photos/listing-1781135514010-vkavowxnfcs.jpg"",""https://mlrglzzxrfvbkucrtffd.supabase.co/storage/v1/object/public/listing-photos/listing-1781135515033-v3ch4sqloz.jpg"",""https://mlrglzzxrfvbkucrtffd.supabase.co/storage/v1/object/public/listing-photos/listing-1781135516262-e56lcrx2vvw.jpg""]","[""Cancha de fútbol"",""Zona infantil"",""Amplias zonas verdes"",""Doble anillo de seguridad""]",Terreno,Venta,"San Juan, La Unión, Cartago",null,null,null,1260,null,null,null,null,null,null,Cartago,La Unión,San Juan,9.9028,-83.99,null,null,null,null,null,null,Venta,149900000.00,null,null,null,null,null,"[""Venta""]"
639919b9-496b-40ee-82ec-ba7314f51731,2026-06-11 23:20:50.881+00,property,Hermosa casa en San Rafael de Heredia (El Tirol),800000,$,"Vendo y/o alquilo espectacular casa en San Rafael de Heredia 

El Tirol

Terreno 1736 m2
Casa 490 m2

Zona de alta plusvalía

Zona montañosa

Amplias zonas verdes

Casa de 4 niveles con menaje incluido. 

Sala amplia con chimenea 
Cocina
Hermosa terraza
Ático
Cuarto de lavado
5 habitaciones
3.5 baños
Amplio estacionamiento

Rancho BBQ

Senderos

Cámaras e seguridad, alarma, luces inteligentes.

Precio de alquiler $3500 mensuales con menaje completo (Igual monto de depósito)

Precio de venta

$800.000 (A puerta cerrada)
wa.me/506832159",true,"[""https://mlrglzzxrfvbkucrtffd.supabase.co/storage/v1/object/public/listing-photos/listing-1781220037247-jria0zsja7m.jpg"",""https://mlrglzzxrfvbkucrtffd.supabase.co/storage/v1/object/public/listing-photos/listing-1781220039453-v7z7v7ronws.jpg"",""https://mlrglzzxrfvbkucrtffd.supabase.co/storage/v1/object/public/listing-photos/listing-1781220039855-k765p6ep2he.jpg"",""https://mlrglzzxrfvbkucrtffd.supabase.co/storage/v1/object/public/listing-photos/listing-1781220040405-6mfttzobcqn.jpg"",""https://mlrglzzxrfvbkucrtffd.supabase.co/storage/v1/object/public/listing-photos/listing-1781220040921-31rbs25we97.jpg"",""https://mlrglzzxrfvbkucrtffd.supabase.co/storage/v1/object/public/listing-photos/listing-1781220041320-k31wg4arxli.jpg"",""https://mlrglzzxrfvbkucrtffd.supabase.co/storage/v1/object/public/listing-photos/listing-1781220041838-fzmy0bitc07.jpg"",""https://mlrglzzxrfvbkucrtffd.supabase.co/storage/v1/object/public/listing-photos/listing-1781220042350-j2dizmb4jw.jpg"",""https://mlrglzzxrfvbkucrtffd.supabase.co/storage/v1/object/public/listing-photos/listing-1781220042800-uczpvtt6s.jpg"",""https://mlrglzzxrfvbkucrtffd.supabase.co/storage/v1/object/public/listing-photos/listing-1781220043276-6cw4vk9titm.jpg"",""https://mlrglzzxrfvbkucrtffd.supabase.co/storage/v1/object/public/listing-photos/listing-1781220043734-p89rawyh7uf.jpg"",""https://mlrglzzxrfvbkucrtffd.supabase.co/storage/v1/object/public/listing-photos/listing-1781220044242-7xjf3zt53mb.jpg"",""https://mlrglzzxrfvbkucrtffd.supabase.co/storage/v1/object/public/listing-photos/listing-1781220044822-rjjr152gs8.jpg"",""https://mlrglzzxrfvbkucrtffd.supabase.co/storage/v1/object/public/listing-photos/listing-1781220045439-0hp82g0ysxsm.jpg"",""https://mlrglzzxrfvbkucrtffd.supabase.co/storage/v1/object/public/listing-photos/listing-1781220046049-nca1c6sjjs.jpg"",""https://mlrglzzxrfvbkucrtffd.supabase.co/storage/v1/object/public/listing-photos/listing-1781220046567-p0to6fjaq6.jpg"",""https://mlrglzzxrfvbkucrtffd.supabase.co/storage/v1/object/public/listing-photos/listing-1781220047074-nnbpcpl86n.jpg"",""https://mlrglzzxrfvbkucrtffd.supabase.co/storage/v1/object/public/listing-photos/listing-1781220047579-mmendwmz7vr.jpg"",""https://mlrglzzxrfvbkucrtffd.supabase.co/storage/v1/object/public/listing-photos/listing-1781220048075-4obigxr0ngw.jpg"",""https://mlrglzzxrfvbkucrtffd.supabase.co/storage/v1/object/public/listing-photos/listing-1781220048716-golmpi7j1dk.jpg"",""https://mlrglzzxrfvbkucrtffd.supabase.co/storage/v1/object/public/listing-photos/listing-1781220049320-d4rpo3upiwu.jpg"",""https://mlrglzzxrfvbkucrtffd.supabase.co/storage/v1/object/public/listing-photos/listing-1781220049771-6z14yky1kbo.jpg"",""https://mlrglzzxrfvbkucrtffd.supabase.co/storage/v1/object/public/listing-photos/listing-1781220050241-sysg79s0u79.jpg""]","[""Amplias zonas verdes"",""Zona de alta plusvalía"",""Senderos""]",Casa,Venta,"Ángeles, San Rafael, Heredia",5,3,8,1736,null,null,null,null,null,null,Heredia,San Rafael,Ángeles,10.0667,-84.1,null,null,null,null,null,null,Venta y Alquiler,800000.00,3500.00,null,null,null,null,"[""Venta"",""Alquiler""]"
18fb8bda-197b-47bf-a992-11eacb4c9af1,2026-05-21 17:59:30.164+00,property,Hermosa casa ubicada en San Pablo de Heredia,120000000,₡,"Vendo hermosa y moderna casa en San Pablo de Heredia

Excelente ubicación

Lote: 176 m2 (Uso de suelo mixto) 
Construcción: 129 m2

Casa de una sola planta

3 habitaciones amplias
Principal con baño y Walk-in-Closet
Habitaciones secundarias con closet
Baño completo para compartir
Cocina con sobres de cuarzo, refrigerador, cocina de inducción empotrada, microondas.
Sala amplia y ventilada con muebles modernos.
Garage para 2 vehículos, con portón eléctrico.
Zonas verdes
Verjas perimetrales
Cámaras de seguridad

Precio de venta ₡120.000.000 💰",true,"[""https://mlrglzzxrfvbkucrtffd.supabase.co/storage/v1/object/public/listing-photos/listing-1781220573116-38rlfk5uptk.jpg"",""https://mlrglzzxrfvbkucrtffd.supabase.co/storage/v1/object/public/listing-photos/listing-1781220574252-7z3i648iy6k.jpg"",""https://mlrglzzxrfvbkucrtffd.supabase.co/storage/v1/object/public/listing-photos/listing-1781220574665-toi271efe89.jpg"",""https://mlrglzzxrfvbkucrtffd.supabase.co/storage/v1/object/public/listing-photos/listing-1781220575381-n9cg6c8zbqe.jpg"",""https://mlrglzzxrfvbkucrtffd.supabase.co/storage/v1/object/public/listing-photos/listing-1781220575894-zuq59060tyo.jpg"",""https://mlrglzzxrfvbkucrtffd.supabase.co/storage/v1/object/public/listing-photos/listing-1781220576302-1qqtkgxcmmz.jpg"",""https://mlrglzzxrfvbkucrtffd.supabase.co/storage/v1/object/public/listing-photos/listing-1781220576811-0eksa8gdxwhd.jpg"",""https://mlrglzzxrfvbkucrtffd.supabase.co/storage/v1/object/public/listing-photos/listing-1781220577329-lrxgce9lz0n.jpg"",""https://mlrglzzxrfvbkucrtffd.supabase.co/storage/v1/object/public/listing-photos/listing-1781220577680-nta9g2hf88k.jpg"",""https://mlrglzzxrfvbkucrtffd.supabase.co/storage/v1/object/public/listing-photos/listing-1781220578078-b6039owrjo6.jpg"",""https://mlrglzzxrfvbkucrtffd.supabase.co/storage/v1/object/public/listing-photos/listing-1781220578555-a67fcbqyb9g.jpg"",""https://mlrglzzxrfvbkucrtffd.supabase.co/storage/v1/object/public/listing-photos/listing-1781220578900-f2832zg5wri.jpg""]","[""Casa independiente"",""Uso de suelo mixto""]",Casa,Venta,"San Pablo, San Pablo, Heredia",3,2,2,176,null,null,null,null,null,null,Heredia,San Pablo,San Pablo,10,-84.1,null,null,null,null,null,null,Venta,120000000.00,null,null,null,null,null,"[""Venta""]"
a4d53552-ddde-4704-bc04-1aad84f0af0d,2026-06-11 23:55:12.455+00,property,Amplio local comercial en Palmares,1350000,₡,"Alquilo amplio local en Palmares

Excelente ubicación comercial

Parqueo para 16 vehículos (Compartido)

Se puede alquilar todo el local o dividirlo en 2.

Opción 1
- Área: 145m2
- Parqueos: 16 compartidos 
- Valor: ₡1.350.000 + IVA

Opción 2
Local 1
- Área: 71m2
- Parqueo: 16 compartidos 
- Baño 7600: Compartido 
- Valor: ₡650.000 + IVA

Local 2
- Área: 81m2
- Parqueo: 16 compartidos 
- Baño 7600: Compartido 
- Valor: ₡750.000 + IVA",true,"[""https://mlrglzzxrfvbkucrtffd.supabase.co/storage/v1/object/public/listing-photos/listing-1781222109984-z4rwjc1h1o.jpg"",""https://mlrglzzxrfvbkucrtffd.supabase.co/storage/v1/object/public/listing-photos/listing-1781222226729-ittv3tfbl9o.jpg"",""https://mlrglzzxrfvbkucrtffd.supabase.co/storage/v1/object/public/listing-photos/listing-1781222227635-8qodw8zp23.jpg"",""https://mlrglzzxrfvbkucrtffd.supabase.co/storage/v1/object/public/listing-photos/listing-1781222228238-6uwwtvvgv56.jpg"",""https://mlrglzzxrfvbkucrtffd.supabase.co/storage/v1/object/public/listing-photos/listing-1781222228851-wse7eb00bc8.jpg""]","[""Se puede dividir en 2 locales"",""Amplio estacionamiento"",""Ley 7600""]",Local,Alquiler,"Palmares, Palmares, Alajuela",null,1,16,145,null,null,null,null,null,null,Alajuela,Palmares,Palmares,10.0622,-84.4317,null,null,null,null,null,null,Alquiler,null,1350000.00,null,null,null,null,"[""Alquiler""]"
5ba5494c-d48c-4b65-b8a4-bf0a08f574d1,2026-06-12 00:06:57.748+00,property,Local comercial en La California San José,1000,$,"Alquilo local comercial en Los Yoses

Excelente ubicación, alto tránsito vehícular, cerca de parada de buses, zona muy segura. 

Medida 120 m2

Local de una planta

Con parqueo (Compartido)

Alquiler mensual $1000 💰 (Igual monto de depósito en un solo tracto)",true,"[""https://mlrglzzxrfvbkucrtffd.supabase.co/storage/v1/object/public/listing-photos/listing-1781222810935-thdcjz9xnim.jpg"",""https://mlrglzzxrfvbkucrtffd.supabase.co/storage/v1/object/public/listing-photos/listing-1781222812331-13bckky4g0lf.jpg"",""https://mlrglzzxrfvbkucrtffd.supabase.co/storage/v1/object/public/listing-photos/listing-1781222812805-53qbr5qzy0e.jpg"",""https://mlrglzzxrfvbkucrtffd.supabase.co/storage/v1/object/public/listing-photos/listing-1781222813254-yst0104deu.jpg"",""https://mlrglzzxrfvbkucrtffd.supabase.co/storage/v1/object/public/listing-photos/listing-1781222813668-6wwttgezf5l.jpg"",""https://mlrglzzxrfvbkucrtffd.supabase.co/storage/v1/object/public/listing-photos/listing-1781222814188-xduxfbakk69.jpg"",""https://mlrglzzxrfvbkucrtffd.supabase.co/storage/v1/object/public/listing-photos/listing-1781222814698-lkorrebspfm.jpg"",""https://mlrglzzxrfvbkucrtffd.supabase.co/storage/v1/object/public/listing-photos/listing-1781222815416-9fm5va213w.jpg"",""https://mlrglzzxrfvbkucrtffd.supabase.co/storage/v1/object/public/listing-photos/listing-1781222816021-xjibhoubdk.jpg"",""https://mlrglzzxrfvbkucrtffd.supabase.co/storage/v1/object/public/listing-photos/listing-1781222816437-sc3k6oorn2.jpg"",""https://mlrglzzxrfvbkucrtffd.supabase.co/storage/v1/object/public/listing-photos/listing-1781222816832-fauu285cebc.jpg"",""https://mlrglzzxrfvbkucrtffd.supabase.co/storage/v1/object/public/listing-photos/listing-1781222817292-x4vpxh3zgd.jpg""]","[""Amplio parqueo compartido"",""Excelente ubicación""]",Local,Alquiler,"Catedral, San José, San José",null,2,6,120,null,null,null,null,null,null,San José,San José,Catedral,9.9281,-84.0907,null,null,null,null,null,null,Alquiler,null,1000.00,null,null,null,null,"[""Alquiler""]"
07aff490-d079-4b2e-88e2-cf8a51061f46,2026-06-16 20:29:13.73+00,property,Vendo propiedad para desarrollar en San Francisco de Dos Ríos,145000000,₡,"Vendo propiedad para desarrollar en San Francisco de Dos Ríos

Frente a calle principal

Alto tránsito vehicular

Terreno 235 m2

Actualmente hay 3 apartamentos construidos (Sin habitar - Necesitan mejoras)

Dos medidores de luz, uno de agua. 

Precio ₡145.000.000 💰",true,"[""https://mlrglzzxrfvbkucrtffd.supabase.co/storage/v1/object/public/listing-photos/listing-1781641750155-ue57n66b5dl.jpg"",""https://mlrglzzxrfvbkucrtffd.supabase.co/storage/v1/object/public/listing-photos/listing-1781641751939-ut1o10uz9k.jpg"",""https://mlrglzzxrfvbkucrtffd.supabase.co/storage/v1/object/public/listing-photos/listing-1781641752419-32vqhvjfnzw.jpg"",""https://mlrglzzxrfvbkucrtffd.supabase.co/storage/v1/object/public/listing-photos/listing-1781641752873-d77jxxppm28.jpg"",""https://mlrglzzxrfvbkucrtffd.supabase.co/storage/v1/object/public/listing-photos/listing-1781641753324-edlq14x71op.jpg""]","[""Frente a calle principal"",""Alto tránsito vehicular"",""Uso de suelo mixto""]",Local,Venta,"San Francisco de Dos Ríos, San José, San José",6,3,3,235,null,null,null,null,null,null,San José,San José,San Francisco de Dos Ríos,9.9281,-84.0907,null,null,null,null,null,null,Venta,145000000.00,null,null,null,null,null,"[""Venta""]"
13688fbb-ba59-48f9-a60a-5bdd1087ac99,2026-06-11 23:42:36.989+00,property,Hermoso apartamento en Escazú (Sexto piso),325000,$,"Vendo y/o alquilo hermoso apartamento en el corazón de Escazú

Totalmente amoblado

Excelente ubicación, cerca de supermercados, restaurantes, entre otros. 

Medidas 109 m2 habitables (Más 1 estacionamiento y bodega)

En  el sexto piso (Hermosas vistas a las montañas)

Distribución

Sala
Comedor
Cocina con muebles y desayunador
Dos habitaciones (Principal con walk-in-closet y jacuzzi)
2 baños completos

Amenidades tipo club

Piscina
Jacuzzi
Gimnasio
Área de BBQ
Espacios para mascotas
Senderos naturales
Juegos infantiles

Precio de venta $325.000 💰 (Posibilidad de financiamiento de un 50%)
Precio de alquiler $2000 mensuales (Full amoblado)",true,"[""https://mlrglzzxrfvbkucrtffd.supabase.co/storage/v1/object/public/listing-photos/listing-1781221348371-75zq8pooitj.jpg"",""https://mlrglzzxrfvbkucrtffd.supabase.co/storage/v1/object/public/listing-photos/listing-1781221349761-h2jjnhrfkiw.jpg"",""https://mlrglzzxrfvbkucrtffd.supabase.co/storage/v1/object/public/listing-photos/listing-1781221350219-cr1beeqvm0c.jpg"",""https://mlrglzzxrfvbkucrtffd.supabase.co/storage/v1/object/public/listing-photos/listing-1781221350596-rklqwcqd63m.jpg"",""https://mlrglzzxrfvbkucrtffd.supabase.co/storage/v1/object/public/listing-photos/listing-1781221351134-qwu9t43c02d.jpg"",""https://mlrglzzxrfvbkucrtffd.supabase.co/storage/v1/object/public/listing-photos/listing-1781221351651-pv0ouuof1qp.jpg"",""https://mlrglzzxrfvbkucrtffd.supabase.co/storage/v1/object/public/listing-photos/listing-1781221352131-3n1yza5xaf1.jpg"",""https://mlrglzzxrfvbkucrtffd.supabase.co/storage/v1/object/public/listing-photos/listing-1781221352676-njlak0f5zus.jpg"",""https://mlrglzzxrfvbkucrtffd.supabase.co/storage/v1/object/public/listing-photos/listing-1781221353294-jsxijtubix.jpg"",""https://mlrglzzxrfvbkucrtffd.supabase.co/storage/v1/object/public/listing-photos/listing-1781221353999-oyqemhpc2gc.jpg"",""https://mlrglzzxrfvbkucrtffd.supabase.co/storage/v1/object/public/listing-photos/listing-1781221354620-tvfbrg9qiqq.jpg"",""https://mlrglzzxrfvbkucrtffd.supabase.co/storage/v1/object/public/listing-photos/listing-1781221355135-j2qut9jws2.jpg"",""https://mlrglzzxrfvbkucrtffd.supabase.co/storage/v1/object/public/listing-photos/listing-1781221355748-vzryx7y2oh.jpg"",""https://mlrglzzxrfvbkucrtffd.supabase.co/storage/v1/object/public/listing-photos/listing-1781221356352-cgoaacui2hs.jpg""]","[""Piscina"",""Jacuzzi"",""Gimnasio"",""Área BBQ"",""Parque para mascotas"",""Senderos""]",Apartamento,Venta,"San Rafael, Escazú, San José",2,null,1,109,null,null,null,null,null,null,San José,Escazú,San Rafael,9.9189,-84.1412,null,null,null,null,null,null,Venta y Alquiler,325000.00,2000.00,null,null,null,null,"[""Venta"",""Alquiler""]"
4d121a27-ec27-4b0f-b8c8-8389df7e8220,2026-06-12 00:21:42.88+00,property,Dos locales comerciales,75000000,₡,"Se vende Filial con dos locales comerciales

Terreno 55m2

Construcción 110m2

Ubicado en Barrio La California 

Excelente punto

Gran oportunidad para invertir

Los dos locales cuentan con inquilinos actualmente 

Cada uno con baño completo

Zona en común con espacios para parqueos de descarga

Cuota mensual de mantenimiento ₡10.000

Parqueos públicos a sus alrededores 

Servicios públicos a la mano, hospitales, bancos, universidades... 

Zona histórica, turística, comercial y ejecutiva

Precio ₡75.000.000 💰 (Se escuchan ofertas)",true,"[""https://mlrglzzxrfvbkucrtffd.supabase.co/storage/v1/object/public/listing-photos/listing-1781223698873-o2uh9xlawro.jpg"",""https://mlrglzzxrfvbkucrtffd.supabase.co/storage/v1/object/public/listing-photos/listing-1781223700167-i636lxtcba.jpg"",""https://mlrglzzxrfvbkucrtffd.supabase.co/storage/v1/object/public/listing-photos/listing-1781223700666-5zu2w5z1e1v.jpg"",""https://mlrglzzxrfvbkucrtffd.supabase.co/storage/v1/object/public/listing-photos/listing-1781223701077-0mekabr4m6f.jpg"",""https://mlrglzzxrfvbkucrtffd.supabase.co/storage/v1/object/public/listing-photos/listing-1781223701899-6kk3dtuqlvt.jpg"",""https://mlrglzzxrfvbkucrtffd.supabase.co/storage/v1/object/public/listing-photos/listing-1781223702408-33v4k9xb9r.jpg""]","[""Zona turística"",""Excelente punto comercial"",""Seis parqueos compartidos""]",Local,Venta,"Catedral, San José, San José",2,2,6,55,null,null,null,null,null,null,San José,San José,Catedral,9.9281,-84.0907,null,null,null,null,null,null,Venta,75000000.00,null,null,null,null,"Excelente rentabilidad
Cuenta con inquilinos estables","[""Venta""]"
2821df51-bd8b-498b-a641-032275309bb6,2026-05-16 08:06:47.704+00,property,Vendo espectacular casa en Palmares,1150000,$,"Vendo espectacular casa en Palmares Alajuela 

Lote 6195 m2
Costrucción 427 m2

Casa recién remodelada, acabados de lujo.

Amplias zonas verdes con variedad de árboles frutales. 

La propiedad consta de:

Cochera techada para 4 vehículos, espacio externo hasta para 10 vehículos.

Primer plata

Sala
Comedor
Cocina
Sala de TV
Cuarto de pilas
Oficina
Terraza
Medio baño
Amplio patio trasero.

Segunda planta

3 habitaciones
Principal con baño privado.
Baño adicional.
Terraza.

Construcción adicional

Cuarto de juegos para niños.
Área de Bar, barra de lujo, amplio espacio para actividades.
Gimnasio con baño privado.

Predio de 275 m2 con una altura de 5.5 metros, ideal para camiones.
Bodega de 65 m2.

Pozo propio de 90 metros de profundidad.

Extras

Alarma perimetral (Se controla con una app desde el celular). 
Cámaras de seguridad en toda la propiedad. 
Sistema de luces inteligentes en toda la casa (Se controla con una app desde el celular).
Portones controlados por sensores, iluminación de apertura remota.
Puerta principal de acero inoxidable, con apertura remota controlada por una app desde el celular, apertura con huella digital, llave y tarjeta inteligente. 

Fibra óptica.
Calle adoquinada.
Techo de teja asfáltica.

Precio $1.150.000 💰",true,"[""https://mlrglzzxrfvbkucrtffd.supabase.co/storage/v1/object/public/listing-photos/listing-1778918463495-px19wbgr6p.jpg"",""https://mlrglzzxrfvbkucrtffd.supabase.co/storage/v1/object/public/listing-photos/listing-1778918465127-kf764nbxayn.jpg"",""https://mlrglzzxrfvbkucrtffd.supabase.co/storage/v1/object/public/listing-photos/listing-1778918465882-wco50019rkd.jpg"",""https://mlrglzzxrfvbkucrtffd.supabase.co/storage/v1/object/public/listing-photos/listing-1778918467465-ur99791jmdh.jpg"",""https://mlrglzzxrfvbkucrtffd.supabase.co/storage/v1/object/public/listing-photos/listing-1778918469225-6be606er9l7.jpg"",""https://mlrglzzxrfvbkucrtffd.supabase.co/storage/v1/object/public/listing-photos/listing-1778918471540-i7xm4svuy2i.jpg"",""https://mlrglzzxrfvbkucrtffd.supabase.co/storage/v1/object/public/listing-photos/listing-1778918473956-d3dstdnn5bi.jpg"",""https://mlrglzzxrfvbkucrtffd.supabase.co/storage/v1/object/public/listing-photos/listing-1778918576623-fks5so10cfq.jpg"",""https://mlrglzzxrfvbkucrtffd.supabase.co/storage/v1/object/public/listing-photos/listing-1778918582930-hm4femszkm.jpg"",""https://mlrglzzxrfvbkucrtffd.supabase.co/storage/v1/object/public/listing-photos/listing-1778918588494-hxe83v01ta.jpg"",""https://mlrglzzxrfvbkucrtffd.supabase.co/storage/v1/object/public/listing-photos/listing-1778918593533-1kvixh1dvnij.jpg"",""https://mlrglzzxrfvbkucrtffd.supabase.co/storage/v1/object/public/listing-photos/listing-1778918597653-jmuotqkqkb.jpg"",""https://mlrglzzxrfvbkucrtffd.supabase.co/storage/v1/object/public/listing-photos/listing-1778918603009-kp52kzbf0i.jpg"",""https://mlrglzzxrfvbkucrtffd.supabase.co/storage/v1/object/public/listing-photos/listing-1778918608376-i0gwkf4gcpd.jpg"",""https://mlrglzzxrfvbkucrtffd.supabase.co/storage/v1/object/public/listing-photos/listing-1778918613213-21zmiy5nll9.jpg"",""https://mlrglzzxrfvbkucrtffd.supabase.co/storage/v1/object/public/listing-photos/listing-1778918617077-b6c3no8tl4.jpg"",""https://mlrglzzxrfvbkucrtffd.supabase.co/storage/v1/object/public/listing-photos/listing-1778918621103-63ejwgy2m96.jpg"",""https://mlrglzzxrfvbkucrtffd.supabase.co/storage/v1/object/public/listing-photos/listing-1778918625682-dun0n9f46kd.jpg"",""https://mlrglzzxrfvbkucrtffd.supabase.co/storage/v1/object/public/listing-photos/listing-1778918630876-1kwuem4ithm.jpg"",""https://mlrglzzxrfvbkucrtffd.supabase.co/storage/v1/object/public/listing-photos/listing-1778918637347-uy6vhw683e.jpg"",""https://mlrglzzxrfvbkucrtffd.supabase.co/storage/v1/object/public/listing-photos/listing-1778918642660-58yrhsbfijs.jpg"",""https://mlrglzzxrfvbkucrtffd.supabase.co/storage/v1/object/public/listing-photos/listing-1778918649271-ilzl6qr4lz.jpg"",""https://mlrglzzxrfvbkucrtffd.supabase.co/storage/v1/object/public/listing-photos/listing-1778918657284-iret1lrcvuh.jpg"",""https://mlrglzzxrfvbkucrtffd.supabase.co/storage/v1/object/public/listing-photos/listing-1778918664567-qgq8odj0ln8.jpg"",""https://mlrglzzxrfvbkucrtffd.supabase.co/storage/v1/object/public/listing-photos/listing-1778918672053-8b1xbq5wv47.jpg"",""https://mlrglzzxrfvbkucrtffd.supabase.co/storage/v1/object/public/listing-photos/listing-1778918679950-0l1y9m4pftt.jpg"",""https://mlrglzzxrfvbkucrtffd.supabase.co/storage/v1/object/public/listing-photos/listing-1778918687777-imv3o1u3in.jpg"",""https://mlrglzzxrfvbkucrtffd.supabase.co/storage/v1/object/public/listing-photos/listing-1778918694367-pwr1desceag.jpg"",""https://mlrglzzxrfvbkucrtffd.supabase.co/storage/v1/object/public/listing-photos/listing-1778918700866-szu635swm4.jpg"",""https://mlrglzzxrfvbkucrtffd.supabase.co/storage/v1/object/public/listing-photos/listing-1778918706948-yviveu0lwsp.jpg"",""https://mlrglzzxrfvbkucrtffd.supabase.co/storage/v1/object/public/listing-photos/listing-1778918715120-09k5lc1w108h.jpg"",""https://mlrglzzxrfvbkucrtffd.supabase.co/storage/v1/object/public/listing-photos/listing-1778918723651-l49hl7r09hb.jpg"",""https://mlrglzzxrfvbkucrtffd.supabase.co/storage/v1/object/public/listing-photos/listing-1778918733281-b9it8h1o8bq.jpg"",""https://mlrglzzxrfvbkucrtffd.supabase.co/storage/v1/object/public/listing-photos/listing-1778918746513-08uisv3me8k5.jpg"",""https://mlrglzzxrfvbkucrtffd.supabase.co/storage/v1/object/public/listing-photos/listing-1778918759449-z59e0ezxaup.jpg"",""https://mlrglzzxrfvbkucrtffd.supabase.co/storage/v1/object/public/listing-photos/listing-1778918771909-26ye7eodzyz.jpg"",""https://mlrglzzxrfvbkucrtffd.supabase.co/storage/v1/object/public/listing-photos/listing-1778918783647-0p91wdtbjqv.jpg"",""https://mlrglzzxrfvbkucrtffd.supabase.co/storage/v1/object/public/listing-photos/listing-1778918795004-nvujj52jhs.jpg""]","[""Amplias zonas verdes"",""Variedad de árboles frutales"",""Totalmente plano"",""Casa recién remodelada"",""Tapia perimetral"",""Pozo de agua de 90 metros de profundidad""]",Casa,Venta,"Buenos Aires, Palmares, Alajuela",3,3,10,6195,null,null,null,null,null,null,Alajuela,Palmares,Buenos Aires,10.0622,-84.4317,null,null,null,null,null,null,Venta,1150000.00,null,null,null,null,null,"[""Venta""]"
6aed9e5e-c2e8-475f-93fa-57bb1e799a10,2026-06-18 02:19:15.692+00,property,Alquilo espectacular casa en las montañas de Heredia,2200,$,"Alquilo hermosa casa totalmente equipada

En las montañas de Heredia

Hermosas vistas al Valle Central

San Rafael de Heredia

Casa en 2 niveles

Tres habitaciones amplias (Principal con baño completo y Walk-in-Closet)
Tres baños completos
Sala
Comedor
Amplia terraza
Cocina moderna totalmente equipada 
Sala de TV
Área de lavado
Amplio patio trasero
Amplias zonas verdes alrededor de la casa
Garage para 2 vehículos bajo techo y espacio para al menos 4 vehículos más.

Se aceptan mascotas*

Alquiler mensual $2.200 💰 (Igual monto de depósito en un solo tracto)",true,"[""https://mlrglzzxrfvbkucrtffd.supabase.co/storage/v1/object/public/listing-photos/listing-1781749140817-iqdpkhl997.jpg"",""https://mlrglzzxrfvbkucrtffd.supabase.co/storage/v1/object/public/listing-photos/listing-1781749142410-9d9l1bqbppq.jpg"",""https://mlrglzzxrfvbkucrtffd.supabase.co/storage/v1/object/public/listing-photos/listing-1781749143129-s749u88in1b.jpg"",""https://mlrglzzxrfvbkucrtffd.supabase.co/storage/v1/object/public/listing-photos/listing-1781749143902-pj5vezrq29o.jpg"",""https://mlrglzzxrfvbkucrtffd.supabase.co/storage/v1/object/public/listing-photos/listing-1781749144817-xsx94eozbl.jpg"",""https://mlrglzzxrfvbkucrtffd.supabase.co/storage/v1/object/public/listing-photos/listing-1781749145489-pe9oeg3ktkc.jpg"",""https://mlrglzzxrfvbkucrtffd.supabase.co/storage/v1/object/public/listing-photos/listing-1781749146249-m9a610ihxt.jpg"",""https://mlrglzzxrfvbkucrtffd.supabase.co/storage/v1/object/public/listing-photos/listing-1781749146884-b6tb30tjvng.jpg"",""https://mlrglzzxrfvbkucrtffd.supabase.co/storage/v1/object/public/listing-photos/listing-1781749147546-z4rcd6l0ylc.jpg"",""https://mlrglzzxrfvbkucrtffd.supabase.co/storage/v1/object/public/listing-photos/listing-1781749148199-hovf3dttvae.jpg"",""https://mlrglzzxrfvbkucrtffd.supabase.co/storage/v1/object/public/listing-photos/listing-1781749148889-1fb7wxmhau6.jpg"",""https://mlrglzzxrfvbkucrtffd.supabase.co/storage/v1/object/public/listing-photos/listing-1781749149544-ygf79gi1uf.jpg"",""https://mlrglzzxrfvbkucrtffd.supabase.co/storage/v1/object/public/listing-photos/listing-1781749150448-9sa4hh06e7d.jpg"",""https://mlrglzzxrfvbkucrtffd.supabase.co/storage/v1/object/public/listing-photos/listing-1781749151379-1ef1ubqreru.jpg"",""https://mlrglzzxrfvbkucrtffd.supabase.co/storage/v1/object/public/listing-photos/listing-1781749152051-jqbunpfn6hk.jpg"",""https://mlrglzzxrfvbkucrtffd.supabase.co/storage/v1/object/public/listing-photos/listing-1781749152729-v4k9874n4f.jpg"",""https://mlrglzzxrfvbkucrtffd.supabase.co/storage/v1/object/public/listing-photos/listing-1781749153844-pnuasb5as8r.jpg"",""https://mlrglzzxrfvbkucrtffd.supabase.co/storage/v1/object/public/listing-photos/listing-1781749154658-ultbhqrz69l.jpg""]","[""Amplias zonas verdes"",""Hermosas vistas"",""Pet Friendly"",""Amplio estacionamiento"",""Full equipada""]",Casa,Alquiler,"Ángeles, San Rafael, Heredia",3,3,6,null,null,null,null,null,null,null,Heredia,San Rafael,Ángeles,10.0667,-84.1,null,null,null,null,null,null,Alquiler,null,2200.00,null,null,null,null,"[""Alquiler""]"
1862474f-4788-4bc3-b98f-7bf23d5a8027,2026-06-26 02:27:30.863+00,property,Vendo hermosa casa en Escazú a un excelente precio,260000,$,"Vendo amplia casa en Escazú

Residencial privado, seguridad 24/7

Cerca de supermercados, centros comerciales, restaurantes, paradas de buses. 

Terreno 466 m2
Construcción 397 m2

Casa de una planta

4 habitaciones
3.5 baños
Amploa sala de estar
Comedor
Cocina
Garage bajo techo para 2 - 4 vehículos
Bodega
Terraza
Amplio patio trasero

Precio $260.000 💰",true,"[""https://mlrglzzxrfvbkucrtffd.supabase.co/storage/v1/object/public/listing-photos/listing-1782440838247-t2lc8csx81.jpg"",""https://mlrglzzxrfvbkucrtffd.supabase.co/storage/v1/object/public/listing-photos/listing-1782440839690-otinowmqmcq.jpg"",""https://mlrglzzxrfvbkucrtffd.supabase.co/storage/v1/object/public/listing-photos/listing-1782440840388-ludw9foo1as.jpg"",""https://mlrglzzxrfvbkucrtffd.supabase.co/storage/v1/object/public/listing-photos/listing-1782440841007-xk0xyl0uezs.jpg"",""https://mlrglzzxrfvbkucrtffd.supabase.co/storage/v1/object/public/listing-photos/listing-1782440841516-6zkm6n0b1d3.jpg"",""https://mlrglzzxrfvbkucrtffd.supabase.co/storage/v1/object/public/listing-photos/listing-1782440842031-fzof0s2gwke.jpg"",""https://mlrglzzxrfvbkucrtffd.supabase.co/storage/v1/object/public/listing-photos/listing-1782440842551-hbmdt86ap9.jpg"",""https://mlrglzzxrfvbkucrtffd.supabase.co/storage/v1/object/public/listing-photos/listing-1782440843025-rulohplhofa.jpg"",""https://mlrglzzxrfvbkucrtffd.supabase.co/storage/v1/object/public/listing-photos/listing-1782440843565-gaxlaqnaorm.jpg"",""https://mlrglzzxrfvbkucrtffd.supabase.co/storage/v1/object/public/listing-photos/listing-1782440844899-irenweeko9d.jpg"",""https://mlrglzzxrfvbkucrtffd.supabase.co/storage/v1/object/public/listing-photos/listing-1782440845504-olw2eferfo.jpg"",""https://mlrglzzxrfvbkucrtffd.supabase.co/storage/v1/object/public/listing-photos/listing-1782440846024-ru2jxwkfhyj.jpg"",""https://mlrglzzxrfvbkucrtffd.supabase.co/storage/v1/object/public/listing-photos/listing-1782440846569-vvsb250h4o.jpg"",""https://mlrglzzxrfvbkucrtffd.supabase.co/storage/v1/object/public/listing-photos/listing-1782440847121-7qajswa4mdd.jpg"",""https://mlrglzzxrfvbkucrtffd.supabase.co/storage/v1/object/public/listing-photos/listing-1782440847719-jwcze7oi7hj.jpg"",""https://mlrglzzxrfvbkucrtffd.supabase.co/storage/v1/object/public/listing-photos/listing-1782440848231-1od5z57nayi.jpg"",""https://mlrglzzxrfvbkucrtffd.supabase.co/storage/v1/object/public/listing-photos/listing-1782440848761-se1y0zpqlp.jpg"",""https://mlrglzzxrfvbkucrtffd.supabase.co/storage/v1/object/public/listing-photos/listing-1782440849303-teuecvun2q.jpg"",""https://mlrglzzxrfvbkucrtffd.supabase.co/storage/v1/object/public/listing-photos/listing-1782440850074-fg58tpss51.jpg""]","[""Residencial Privado"",""Seguridad 24/7"",""Amplias zonas verdes"",""Una planta""]",Casa,Venta,"San Rafael, Escazú, San José",4,3,2,466,null,null,null,null,null,null,San José,Escazú,San Rafael,9.9189,-84.1412,null,null,null,null,null,null,Venta,260000.00,null,null,null,null,null,"[""Venta""]"
0b94d57d-e07d-4cb5-a34b-6177f1901df7,2026-05-28 16:51:57.307+00,property,Hermosa quinta en la Garita de Alajuela,550000,$,"Vendo hermosa quinta en la Garita

Terreno 5320 m2

Frente a calle principal

A 1 km de la Fiesta del Maíz

Propiedad esquinera, doble frente con entrada en ambos lados

Casa principal

3 habitaciones
2 baños
Sala
Comedor
Cocina
Bodega
Cuarto de pilas
Amplios corredores

Garage para 1 vehículo bajo techo
En la propiedad hay espacio para 10 vehículos o más

Rancho para actividades con barra, horno, baño, ducha. 
Piscina con agua temperada
Jacuzzi a la par de la piscina

Casa para peón o cuidador

2 habitaciones
1 Baño
Sala
Comedor
Cocina
Cuarto de pilas 

Variedad de árboles frutales y amplios jardínes 

Precio $600.000 💰 (Posee avalúo)",true,"[""https://mlrglzzxrfvbkucrtffd.supabase.co/storage/v1/object/public/listing-photos/listing-1779987060506-nsvz7ouha6.jpg"",""https://mlrglzzxrfvbkucrtffd.supabase.co/storage/v1/object/public/listing-photos/listing-1779987062618-8levxpzd6i.jpg"",""https://mlrglzzxrfvbkucrtffd.supabase.co/storage/v1/object/public/listing-photos/listing-1779987065347-csnj3cpt5gs.jpg"",""https://mlrglzzxrfvbkucrtffd.supabase.co/storage/v1/object/public/listing-photos/listing-1779987067423-9mv1frv9iw.jpg"",""https://mlrglzzxrfvbkucrtffd.supabase.co/storage/v1/object/public/listing-photos/listing-1779987069376-nrtl4msl3f.jpg"",""https://mlrglzzxrfvbkucrtffd.supabase.co/storage/v1/object/public/listing-photos/listing-1779987071523-vra4gtfibrk.jpg"",""https://mlrglzzxrfvbkucrtffd.supabase.co/storage/v1/object/public/listing-photos/listing-1779987073571-9ektcjlpldi.jpg"",""https://mlrglzzxrfvbkucrtffd.supabase.co/storage/v1/object/public/listing-photos/listing-1779987075604-ayocw7za72a.jpg"",""https://mlrglzzxrfvbkucrtffd.supabase.co/storage/v1/object/public/listing-photos/listing-1779987077158-kvo49a8svr.jpg"",""https://mlrglzzxrfvbkucrtffd.supabase.co/storage/v1/object/public/listing-photos/listing-1779987078800-nb2oh1xz4a.jpg"",""https://mlrglzzxrfvbkucrtffd.supabase.co/storage/v1/object/public/listing-photos/listing-1779987080073-b3cr3tb01zi.jpg"",""https://mlrglzzxrfvbkucrtffd.supabase.co/storage/v1/object/public/listing-photos/listing-1779987081658-wkese73ibns.jpg"",""https://mlrglzzxrfvbkucrtffd.supabase.co/storage/v1/object/public/listing-photos/listing-1779987083607-tx3yuockcnl.jpg"",""https://mlrglzzxrfvbkucrtffd.supabase.co/storage/v1/object/public/listing-photos/listing-1779987085350-ivy7ghvr69.jpg"",""https://mlrglzzxrfvbkucrtffd.supabase.co/storage/v1/object/public/listing-photos/listing-1779987086885-dd9341gt9s.jpg"",""https://mlrglzzxrfvbkucrtffd.supabase.co/storage/v1/object/public/listing-photos/listing-1779987088631-d8x67xweps6.jpg"",""https://mlrglzzxrfvbkucrtffd.supabase.co/storage/v1/object/public/listing-photos/listing-1779987089956-co44e34xq5r.jpg"",""https://mlrglzzxrfvbkucrtffd.supabase.co/storage/v1/object/public/listing-photos/listing-1779987091392-qgkzo1m6p1g.jpg"",""https://mlrglzzxrfvbkucrtffd.supabase.co/storage/v1/object/public/listing-photos/listing-1779987092717-6zo2wpsiyvy.jpg"",""https://mlrglzzxrfvbkucrtffd.supabase.co/storage/v1/object/public/listing-photos/listing-1779987094158-8lnq07frxeg.jpg"",""https://mlrglzzxrfvbkucrtffd.supabase.co/storage/v1/object/public/listing-photos/listing-1779987095691-eqbjt4xnksf.jpg"",""https://mlrglzzxrfvbkucrtffd.supabase.co/storage/v1/object/public/listing-photos/listing-1779987097125-0q6tnhtlaj19.jpg"",""https://mlrglzzxrfvbkucrtffd.supabase.co/storage/v1/object/public/listing-photos/listing-1779987098868-2fe2hdue10q.jpg"",""https://mlrglzzxrfvbkucrtffd.supabase.co/storage/v1/object/public/listing-photos/listing-1779987100917-t703r1xheik.jpg"",""https://mlrglzzxrfvbkucrtffd.supabase.co/storage/v1/object/public/listing-photos/listing-1779987102369-ka7a49752cq.jpg"",""https://mlrglzzxrfvbkucrtffd.supabase.co/storage/v1/object/public/listing-photos/listing-1779987105159-d6s3i3l66ff.jpg"",""https://mlrglzzxrfvbkucrtffd.supabase.co/storage/v1/object/public/listing-photos/listing-1779987107234-u5mspjpknmm.jpg"",""https://mlrglzzxrfvbkucrtffd.supabase.co/storage/v1/object/public/listing-photos/listing-1779987110334-s7wznmmamy.jpg"",""https://mlrglzzxrfvbkucrtffd.supabase.co/storage/v1/object/public/listing-photos/listing-1779987112075-a2bwamv04cr.jpg"",""https://mlrglzzxrfvbkucrtffd.supabase.co/storage/v1/object/public/listing-photos/listing-1779987113611-dm3txsfm01q.jpg"",""https://mlrglzzxrfvbkucrtffd.supabase.co/storage/v1/object/public/listing-photos/listing-1779987115347-ba5rjwielah.jpg""]","[""Piscina"",""Jacuzzi"",""Rancho para actividades"",""Amplias zonas verdes""]",Finca,Venta,"Garita, Alajuela, Alajuela",5,4,10,5320,null,null,null,null,null,null,Alajuela,Alajuela,Garita,10.0162,-84.2147,null,null,null,null,null,null,Venta,550000.00,null,null,null,null,null,"[""Venta""]"
7d8f6e0c-7e54-4d7f-affd-aeb80318ff04,2026-06-19 20:30:25.421+00,property,Vendo hermosa casa ubicada en San Francisco de Dos Ríos,90000000,₡,"Vendo hermosa casa en El Faro San Francisco de Dos Ríos

Excelente ubicación

Facil acceso a circunvalación 

Terreno 102 m2
Construcción 200 m2

Casa de 2 plantas

Primer nivel

Sala amplia
Comedor
Cocina con muebles
Baño completo
Patio trasero pequeño
Área de lavado 
Garage para 2 vehículos

Segundo nivel

Pequeña sala de estar u oficina
4 habitaciones
Baño completo
Balcón

Precio ₡90.000.000 💰",true,"[""https://mlrglzzxrfvbkucrtffd.supabase.co/storage/v1/object/public/listing-photos/listing-1781901018819-o9v7fxmvhsi.jpg"",""https://mlrglzzxrfvbkucrtffd.supabase.co/storage/v1/object/public/listing-photos/listing-1781901020316-81zv91r13er.jpg"",""https://mlrglzzxrfvbkucrtffd.supabase.co/storage/v1/object/public/listing-photos/listing-1781901020812-stkmx47nm4s.jpg"",""https://mlrglzzxrfvbkucrtffd.supabase.co/storage/v1/object/public/listing-photos/listing-1781901021317-kl6xi48afff.jpg"",""https://mlrglzzxrfvbkucrtffd.supabase.co/storage/v1/object/public/listing-photos/listing-1781901021834-k06zah6ixi.jpg"",""https://mlrglzzxrfvbkucrtffd.supabase.co/storage/v1/object/public/listing-photos/listing-1781901022555-fg580slq2uh.jpg"",""https://mlrglzzxrfvbkucrtffd.supabase.co/storage/v1/object/public/listing-photos/listing-1781901023063-z4krosdbtb.jpg"",""https://mlrglzzxrfvbkucrtffd.supabase.co/storage/v1/object/public/listing-photos/listing-1781901023607-ad65g446bi8.jpg"",""https://mlrglzzxrfvbkucrtffd.supabase.co/storage/v1/object/public/listing-photos/listing-1781901024016-iso2ciguuhm.jpg"",""https://mlrglzzxrfvbkucrtffd.supabase.co/storage/v1/object/public/listing-photos/listing-1781901024444-yrrpe60uomo.jpg"",""https://mlrglzzxrfvbkucrtffd.supabase.co/storage/v1/object/public/listing-photos/listing-1781901024907-jgsbcqgd93j.jpg""]","[""Zona muy segura"",""Todos los servicios a la mano""]",Casa,Venta,"San Francisco de Dos Ríos, San José, San José",4,2,1,102,null,null,null,null,null,null,San José,San José,San Francisco de Dos Ríos,9.9281,-84.0907,null,null,null,null,null,null,Venta,90000000.00,null,null,null,null,null,"[""Venta""]"
cb576cc3-0b6e-40fa-a450-b6b03066cd19,2026-05-16 07:45:33.392+00,car,Vendo hermoso Renault Captur,6950000,₡,"Vendo Renault Captur Año 2022

Excelente estado físico y mecánico

Automático
Motor 1600 cc gasolina

Tracción 4X2

Solamente 49.000 km

Comprado en agencia

Precio ₡6.950.000 💰",true,"[""https://mlrglzzxrfvbkucrtffd.supabase.co/storage/v1/object/public/listing-photos/listing-1778917526024-u3syiuk1o4p.jpg"",""https://mlrglzzxrfvbkucrtffd.supabase.co/storage/v1/object/public/listing-photos/listing-1778917527740-v3o7n9hn5kd.jpg"",""https://mlrglzzxrfvbkucrtffd.supabase.co/storage/v1/object/public/listing-photos/listing-1778917528610-w9wdjy7pos.jpg"",""https://mlrglzzxrfvbkucrtffd.supabase.co/storage/v1/object/public/listing-photos/listing-1778917529408-21vv7d4kt7w.jpg"",""https://mlrglzzxrfvbkucrtffd.supabase.co/storage/v1/object/public/listing-photos/listing-1778917530337-q7vutgtuvu.jpg"",""https://mlrglzzxrfvbkucrtffd.supabase.co/storage/v1/object/public/listing-photos/listing-1778917531554-f8jpksw6zzp.jpg"",""https://mlrglzzxrfvbkucrtffd.supabase.co/storage/v1/object/public/listing-photos/listing-1778917532505-ln32sj8cl2b.jpg""]","[""Comprado en agencia"",""Perfecto estado físico"",""Perfecto estado mecánico""]",null,null,null,null,null,null,null,Renault,2022,49000,Automática,Gasolina,Verde,null,null,null,null,null,null,null,null,null,null,1600,null,null,null,null,null,null,null,null
b0698fd4-0386-42e1-a59a-6c57c46bc65b,2026-06-22 18:29:02.096+00,property,Vendo casa en condominio en Trejos Montealegre Escazú,235000,$,"Vendo casa en condomino en Escazú

Excelente ubicación en Trejos Montealegre

Terreno 145 m2
Construcción 184 m2

Condominio de solamente 10 casas

Casa de niveles

Amplia sala de estar
Comedor 
3 habitaciones
2.5 baños
Oficina o sala de juegos
Terraza
Jardín exterior 
Cuarto de servicio con baño completo
Área de lavado
3 estacionamientos

Seguridad 24/7

Precio de venta $235.000 💰 (Cuota condominal ₡140.000)",true,"[""https://mlrglzzxrfvbkucrtffd.supabase.co/storage/v1/object/public/listing-photos/listing-1782152926985-zhbl5uepd3p.jpg"",""https://mlrglzzxrfvbkucrtffd.supabase.co/storage/v1/object/public/listing-photos/listing-1782152929270-8y1noiteyx.jpg"",""https://mlrglzzxrfvbkucrtffd.supabase.co/storage/v1/object/public/listing-photos/listing-1782152930400-yutar800mce.jpg"",""https://mlrglzzxrfvbkucrtffd.supabase.co/storage/v1/object/public/listing-photos/listing-1782152931320-h87jtr19yqw.jpg"",""https://mlrglzzxrfvbkucrtffd.supabase.co/storage/v1/object/public/listing-photos/listing-1782152932467-bnimmt7k1a4.jpg"",""https://mlrglzzxrfvbkucrtffd.supabase.co/storage/v1/object/public/listing-photos/listing-1782152933473-xfyxa60tbh.jpg"",""https://mlrglzzxrfvbkucrtffd.supabase.co/storage/v1/object/public/listing-photos/listing-1782152934447-ooh0gq6foud.jpg"",""https://mlrglzzxrfvbkucrtffd.supabase.co/storage/v1/object/public/listing-photos/listing-1782152935831-jc4oddseb9d.jpg"",""https://mlrglzzxrfvbkucrtffd.supabase.co/storage/v1/object/public/listing-photos/listing-1782152937057-hyodzvqfvcs.jpg"",""https://mlrglzzxrfvbkucrtffd.supabase.co/storage/v1/object/public/listing-photos/listing-1782152938406-sxpfbmzsq4.jpg"",""https://mlrglzzxrfvbkucrtffd.supabase.co/storage/v1/object/public/listing-photos/listing-1782152940024-0x98655pq1dm.jpg"",""https://mlrglzzxrfvbkucrtffd.supabase.co/storage/v1/object/public/listing-photos/listing-1782152940433-x5y544zeg4f.jpg"",""https://mlrglzzxrfvbkucrtffd.supabase.co/storage/v1/object/public/listing-photos/listing-1782152940843-m3zaumt4qqr.jpg""]","[""En Trejos Montealegre"",""Seguridad 24/7"",""Solamente 10 casas""]",Casa,Venta,"San Rafael, Escazú, San José",3,2,3,184,null,null,null,null,null,null,San José,Escazú,San Rafael,9.9189,-84.1412,null,null,null,null,null,null,Venta,235000.00,null,null,null,null,null,"[""Venta""]"
09ceb6d6-f50c-44ac-8558-9a6d1228d15a,2026-06-24 21:41:00.497+00,property,Vendo hermosa casa en San Rafael de Escazú,420000,$,"Vendo hermosa casa en San Rafael de Escazú

Casa independiente, excelente ubicación

Terreno 471 m2
Construcción 240 m2

Casa en 2 niveles

Primer nivel 

Amplia sala de estar
Comedor
Cocina con muebles
Baño completo para visitas
Área de lavado
Amplia terraza
Jardín frontal
Patio trasero
Garage para 1 vehículo (Posibilidad de ampliar a 2)

Segundo nivel

Habitación principal con baño completo y walk-in-closet
Tres habitaciones secundarias
Oficina
Dos baños completos adicionales
Hermoso balcón

Amplias zonas verdes
Ventilación e iluminación natural

Precio $420.000 💰 (Sin muebles)
Impuestos municipales trimestrales ₡75.000 💰",true,"[""https://mlrglzzxrfvbkucrtffd.supabase.co/storage/v1/object/public/listing-photos/listing-1782337248454-x7ukh1ohtya.jpg"",""https://mlrglzzxrfvbkucrtffd.supabase.co/storage/v1/object/public/listing-photos/listing-1782337249789-g1xuesuexfl.jpg"",""https://mlrglzzxrfvbkucrtffd.supabase.co/storage/v1/object/public/listing-photos/listing-1782337250362-oqhnaktnnog.jpg"",""https://mlrglzzxrfvbkucrtffd.supabase.co/storage/v1/object/public/listing-photos/listing-1782337251535-csns2dtjq4p.jpg"",""https://mlrglzzxrfvbkucrtffd.supabase.co/storage/v1/object/public/listing-photos/listing-1782337252806-wp7m6pxcl9.jpg"",""https://mlrglzzxrfvbkucrtffd.supabase.co/storage/v1/object/public/listing-photos/listing-1782337253316-ynw2j3p11s.jpg"",""https://mlrglzzxrfvbkucrtffd.supabase.co/storage/v1/object/public/listing-photos/listing-1782337253832-e24yc034iy.jpg"",""https://mlrglzzxrfvbkucrtffd.supabase.co/storage/v1/object/public/listing-photos/listing-1782337254336-3uefte1idx1.jpg"",""https://mlrglzzxrfvbkucrtffd.supabase.co/storage/v1/object/public/listing-photos/listing-1782337254851-fhtpludb1c.jpg"",""https://mlrglzzxrfvbkucrtffd.supabase.co/storage/v1/object/public/listing-photos/listing-1782337255465-9zndck2qspf.jpg"",""https://mlrglzzxrfvbkucrtffd.supabase.co/storage/v1/object/public/listing-photos/listing-1782337255984-k9gbenptpj9.jpg"",""https://mlrglzzxrfvbkucrtffd.supabase.co/storage/v1/object/public/listing-photos/listing-1782337256544-j5vram4nj1.jpg"",""https://mlrglzzxrfvbkucrtffd.supabase.co/storage/v1/object/public/listing-photos/listing-1782337257207-iu4urso1rve.jpg"",""https://mlrglzzxrfvbkucrtffd.supabase.co/storage/v1/object/public/listing-photos/listing-1782337257781-jri6xfdsgp.jpg"",""https://mlrglzzxrfvbkucrtffd.supabase.co/storage/v1/object/public/listing-photos/listing-1782337258815-i56ih9qpjc.jpg"",""https://mlrglzzxrfvbkucrtffd.supabase.co/storage/v1/object/public/listing-photos/listing-1782337259359-xwx0na309o.jpg"",""https://mlrglzzxrfvbkucrtffd.supabase.co/storage/v1/object/public/listing-photos/listing-1782337259885-dzw4rp6e7yv.jpg""]","[""Amplias zonas verdes"",""Excelente ubicación"",""Zona de alta plusvalía""]",Casa,Venta,"San Rafael, Escazú, San José",4,4,1,471,null,null,null,null,null,null,San José,Escazú,San Rafael,9.9189,-84.1412,null,null,null,null,null,null,Venta,420000.00,null,null,null,null,null,"[""Venta""]"
d84f189d-30dc-4a25-9285-4647005ba109,2026-06-26 01:31:24.919+00,property,Alquilo hermoso apartamento en Tibás,1000,$,"Alquilo apartamento ubicado en Tibás centro

Una sola planta

Sala
Comedor
Cocina con muebles nuevos
2 habitaciones (Principal con baño y Walk-in-Closet) 
2 baños completos
Área de lavado
Estacionamiento para una moto

Alquiler mensual $1000 💰 (Mismo monto de depósito en un solo tracto)",true,"[""https://mlrglzzxrfvbkucrtffd.supabase.co/storage/v1/object/public/listing-photos/listing-1782437476829-2fygun9p643.jpg"",""https://mlrglzzxrfvbkucrtffd.supabase.co/storage/v1/object/public/listing-photos/listing-1782437478059-7rybj4niedh.jpg"",""https://mlrglzzxrfvbkucrtffd.supabase.co/storage/v1/object/public/listing-photos/listing-1782437478558-hhh6lfm2vzp.jpg"",""https://mlrglzzxrfvbkucrtffd.supabase.co/storage/v1/object/public/listing-photos/listing-1782437479072-duh4va1esua.jpg"",""https://mlrglzzxrfvbkucrtffd.supabase.co/storage/v1/object/public/listing-photos/listing-1782437479581-0ngkb9oztb79.jpg"",""https://mlrglzzxrfvbkucrtffd.supabase.co/storage/v1/object/public/listing-photos/listing-1782437479987-xw9ymqsekoq.jpg"",""https://mlrglzzxrfvbkucrtffd.supabase.co/storage/v1/object/public/listing-photos/listing-1782437480501-y44u05mll6.jpg"",""https://mlrglzzxrfvbkucrtffd.supabase.co/storage/v1/object/public/listing-photos/listing-1782437481014-rwjobu9894h.jpg"",""https://mlrglzzxrfvbkucrtffd.supabase.co/storage/v1/object/public/listing-photos/listing-1782437481631-nauk2z46d3s.jpg"",""https://mlrglzzxrfvbkucrtffd.supabase.co/storage/v1/object/public/listing-photos/listing-1782437482085-t2ejakiak.jpg"",""https://mlrglzzxrfvbkucrtffd.supabase.co/storage/v1/object/public/listing-photos/listing-1782437482652-i80eoyzszq.jpg"",""https://mlrglzzxrfvbkucrtffd.supabase.co/storage/v1/object/public/listing-photos/listing-1782437483162-mg9b7twmb1.jpg"",""https://mlrglzzxrfvbkucrtffd.supabase.co/storage/v1/object/public/listing-photos/listing-1782437483675-ppz725glah9.jpg"",""https://mlrglzzxrfvbkucrtffd.supabase.co/storage/v1/object/public/listing-photos/listing-1782437484292-ymrazvi4syj.jpg""]","[""Incluye el servicio de agua"",""Internet inalámbrico"",""Todos los servicios a la mano""]",Apartamento,Alquiler,"San Juan, Tibás, San José",2,2,null,90,null,null,null,null,null,null,San José,Tibás,San Juan,9.9669,-84.0814,null,null,null,null,null,null,Alquiler,null,1000.00,null,null,null,null,"[""Alquiler""]"
ba6fea06-e7b5-48f0-8d33-dee8ffaea8d5,2026-06-26 20:12:13.234+00,property,Vendo espectacular casa en San Juan de La Unión,1375000,$,"Vendo espectacular casa en San Juan de La Unión

Cssa de lujo en un condominio de alta plusvalía 

Terreno:  1502 m2
Construccion: 500 m2

Casa de tres niveles con hermosas vistas a las montañas 

4 habitaciones (Cuarto principal muy amplio con 2 walk-in closets, baño completo y amplio balcon)
4 ½ baños
Oficina (Podria ser otra habitación) 
Sala amplia con comedor integrado 
Cocina con muebles y despensa amplia
Sala de TV (Podría ser oficina) 
Amplia Terraza con vistas a las montañas 
Area de BBQ
Área para gimnasio
Área de lavado
Cuarto de servicio con baño completo (Totalmente independiente) 
Garaje para 2 vehiculos  y afuera para 8 vehiculos
1000 m2 de zonas verdes 

3 bodegas
Tanque hidronomatico
Prevista para ascensor

Precio de venta:  $1.375.000.00 💰 (Se escuchan ofertas)
Cuota condominal ₡169.000 mensuales.",true,"[""https://mlrglzzxrfvbkucrtffd.supabase.co/storage/v1/object/public/listing-photos/listing-1782504707869-86bx4uqksql.jpg"",""https://mlrglzzxrfvbkucrtffd.supabase.co/storage/v1/object/public/listing-photos/listing-1782504709682-mpuzg8m6o9j.jpg"",""https://mlrglzzxrfvbkucrtffd.supabase.co/storage/v1/object/public/listing-photos/listing-1782504710501-kezgpqyab0k.jpg"",""https://mlrglzzxrfvbkucrtffd.supabase.co/storage/v1/object/public/listing-photos/listing-1782504711526-36vprqwn7oq.jpg"",""https://mlrglzzxrfvbkucrtffd.supabase.co/storage/v1/object/public/listing-photos/listing-1782504712460-nzugxz9z5nb.jpg"",""https://mlrglzzxrfvbkucrtffd.supabase.co/storage/v1/object/public/listing-photos/listing-1782504713264-dp11qgx07ih.jpg"",""https://mlrglzzxrfvbkucrtffd.supabase.co/storage/v1/object/public/listing-photos/listing-1782504714496-zgy4kw7aftr.jpg"",""https://mlrglzzxrfvbkucrtffd.supabase.co/storage/v1/object/public/listing-photos/listing-1782504715415-gczpdednky.jpg"",""https://mlrglzzxrfvbkucrtffd.supabase.co/storage/v1/object/public/listing-photos/listing-1782504716134-4qf7di12g5.jpg"",""https://mlrglzzxrfvbkucrtffd.supabase.co/storage/v1/object/public/listing-photos/listing-1782504716950-pb8262s9xhi.jpg"",""https://mlrglzzxrfvbkucrtffd.supabase.co/storage/v1/object/public/listing-photos/listing-1782504717771-2yxckqz66d4.jpg"",""https://mlrglzzxrfvbkucrtffd.supabase.co/storage/v1/object/public/listing-photos/listing-1782504718798-nba09wq7ev.jpg"",""https://mlrglzzxrfvbkucrtffd.supabase.co/storage/v1/object/public/listing-photos/listing-1782504719617-visl81ym9z.jpg"",""https://mlrglzzxrfvbkucrtffd.supabase.co/storage/v1/object/public/listing-photos/listing-1782504720540-dh8buhvyob.jpg"",""https://mlrglzzxrfvbkucrtffd.supabase.co/storage/v1/object/public/listing-photos/listing-1782504721562-1yen5kls3gm.jpg"",""https://mlrglzzxrfvbkucrtffd.supabase.co/storage/v1/object/public/listing-photos/listing-1782504722378-qgq2mv4zvx8.jpg"",""https://mlrglzzxrfvbkucrtffd.supabase.co/storage/v1/object/public/listing-photos/listing-1782504723198-htys0mae8e8.jpg"",""https://mlrglzzxrfvbkucrtffd.supabase.co/storage/v1/object/public/listing-photos/listing-1782504724231-em59csu7fgv.jpg"",""https://mlrglzzxrfvbkucrtffd.supabase.co/storage/v1/object/public/listing-photos/listing-1782504725349-ppked7587pp.jpg"",""https://mlrglzzxrfvbkucrtffd.supabase.co/storage/v1/object/public/listing-photos/listing-1782504726166-hwymea73jvr.jpg"",""https://mlrglzzxrfvbkucrtffd.supabase.co/storage/v1/object/public/listing-photos/listing-1782504727196-epz75pk2acu.jpg"",""https://mlrglzzxrfvbkucrtffd.supabase.co/storage/v1/object/public/listing-photos/listing-1782504728114-ccnybg21vqp.jpg"",""https://mlrglzzxrfvbkucrtffd.supabase.co/storage/v1/object/public/listing-photos/listing-1782504729259-r0osw6g2pbp.jpg"",""https://mlrglzzxrfvbkucrtffd.supabase.co/storage/v1/object/public/listing-photos/listing-1782504730673-0arsx7sg8utl.jpg"",""https://mlrglzzxrfvbkucrtffd.supabase.co/storage/v1/object/public/listing-photos/listing-1782504731885-ep5x9g1x8db.jpg""]","[""Doble anillo de seguridad 24/7"",""Amplias zonas verdes"",""Hermosas vistas a las montañas"",""Tanque de captación de agua con bomba hidromecánica""]",Casa,Venta,"San Juan, La Unión, Cartago",4,4,10,1502,null,null,null,null,null,null,Cartago,La Unión,San Juan,9.9028,-83.99,null,null,null,null,null,null,Venta,1375000.00,null,null,null,null,null,"[""Venta""]"
f3d997c7-582c-4ca0-b121-8eda2a28fa12,2026-06-26 20:26:26.019+00,property,Alquilo casa con uso de suelo mixto,2500,$,"Alquilo casa con uso de suelo mixto en Escazú

Ideal para oficinas, estética, consultorios o vivienda.

Zona de alto tránsito

Terreno 135 m2
Construcción 169 m2

Casa en 2 niveles

Primer planta

Garage para 4 vehículos
Sala
Comedor
Cocina
Medio baño para visitas
Oficina o cuarto de servicio con baño completo
Terraza interna
Área de lavado

Segunda planta

3 habitaciones (Oficinas)
2 baños completos

Alquiler mensual $2.500 + iva 💰 (Igual monto de depósito en un solo tracto)",true,"[""https://mlrglzzxrfvbkucrtffd.supabase.co/storage/v1/object/public/listing-photos/listing-1782505580971-jw78wc7ugng.jpg"",""https://mlrglzzxrfvbkucrtffd.supabase.co/storage/v1/object/public/listing-photos/listing-1782505582032-u5e8f61ui5.jpg"",""https://mlrglzzxrfvbkucrtffd.supabase.co/storage/v1/object/public/listing-photos/listing-1782505582439-0jtp4jut0u09.jpg"",""https://mlrglzzxrfvbkucrtffd.supabase.co/storage/v1/object/public/listing-photos/listing-1782505582949-f9m5xtzpqb7.jpg"",""https://mlrglzzxrfvbkucrtffd.supabase.co/storage/v1/object/public/listing-photos/listing-1782505583459-x90eehc1j6.jpg"",""https://mlrglzzxrfvbkucrtffd.supabase.co/storage/v1/object/public/listing-photos/listing-1782505583869-4wiyaz74xtt.jpg"",""https://mlrglzzxrfvbkucrtffd.supabase.co/storage/v1/object/public/listing-photos/listing-1782505584381-966ed3xaukr.jpg"",""https://mlrglzzxrfvbkucrtffd.supabase.co/storage/v1/object/public/listing-photos/listing-1782505584791-t7vxj4pqlhj.jpg"",""https://mlrglzzxrfvbkucrtffd.supabase.co/storage/v1/object/public/listing-photos/listing-1782505585208-5uemooxe8tg.jpg"",""https://mlrglzzxrfvbkucrtffd.supabase.co/storage/v1/object/public/listing-photos/listing-1782505585621-qgzn52v7cpk.jpg""]","[""Uso de suelo mixto"",""Zona de alto transito"",""Amplio estacionamiento""]",Casa,Alquiler,"San Rafael, Escazú, San José",3,2,4,169,null,null,null,null,null,null,San José,Escazú,San Rafael,9.9189,-84.1412,null,null,null,null,null,null,Alquiler,null,2500.00,null,null,null,null,"[""Alquiler""]"
8180bc46-128a-452f-bfff-c177a781c8a5,2026-06-26 20:54:16.476+00,property,Alquilo amplia casa en Santa Ana,1500,$,"Alquilo amplia casa en Santa Ana

Excelente ubicación, casa independiente.

Casa de 2 plantas con espacios amplios y con tapias altas

Sala
Comedor
Cocina con muebles y sobres de granito
3 habitaciones amplias
3.5 baños
Área de lavado
Área de BBQ

Se aceptan máximo 2 mascotas pequeñas.

Alquiler mensual $1.500 💰(Mismo monto de depósito en un solo tracto)",true,"[""https://mlrglzzxrfvbkucrtffd.supabase.co/storage/v1/object/public/listing-photos/listing-1782507248628-1qbho4ihnfl.jpg"",""https://mlrglzzxrfvbkucrtffd.supabase.co/storage/v1/object/public/listing-photos/listing-1782507249615-wesfmas9mkc.jpg"",""https://mlrglzzxrfvbkucrtffd.supabase.co/storage/v1/object/public/listing-photos/listing-1782507250126-wp8kew0zc5.jpg"",""https://mlrglzzxrfvbkucrtffd.supabase.co/storage/v1/object/public/listing-photos/listing-1782507250534-ubj2oqd6c1r.jpg"",""https://mlrglzzxrfvbkucrtffd.supabase.co/storage/v1/object/public/listing-photos/listing-1782507250940-mlgzoogrlnb.jpg"",""https://mlrglzzxrfvbkucrtffd.supabase.co/storage/v1/object/public/listing-photos/listing-1782507251455-akz0dgyaptk.jpg"",""https://mlrglzzxrfvbkucrtffd.supabase.co/storage/v1/object/public/listing-photos/listing-1782507251967-6zfz4hhpkqp.jpg"",""https://mlrglzzxrfvbkucrtffd.supabase.co/storage/v1/object/public/listing-photos/listing-1782507252583-0cvetq4avmcp.jpg"",""https://mlrglzzxrfvbkucrtffd.supabase.co/storage/v1/object/public/listing-photos/listing-1782507253199-0uz6u2ebr4xd.jpg"",""https://mlrglzzxrfvbkucrtffd.supabase.co/storage/v1/object/public/listing-photos/listing-1782507253605-2w4le5dcr9i.jpg"",""https://mlrglzzxrfvbkucrtffd.supabase.co/storage/v1/object/public/listing-photos/listing-1782507253939-ipycmtg527o.jpg"",""https://mlrglzzxrfvbkucrtffd.supabase.co/storage/v1/object/public/listing-photos/listing-1782507254526-uom8rghpp1l.jpg"",""https://mlrglzzxrfvbkucrtffd.supabase.co/storage/v1/object/public/listing-photos/listing-1782507255246-o0nz6q3vp0f.jpg"",""https://mlrglzzxrfvbkucrtffd.supabase.co/storage/v1/object/public/listing-photos/listing-1782507255965-8bj4gwpalwv.jpg""]","[""Espacios amplios"",""Área BBQ""]",Casa,Alquiler,"Santa Ana, Santa Ana, San José",3,3,2,null,null,null,null,null,null,null,San José,Santa Ana,Santa Ana,9.9333,-84.1833,null,null,null,null,null,null,Alquiler,null,1500.00,null,null,null,null,"[""Alquiler""]"